x-axis,1,2
second,Volt,Volt
-9.9600E-03,-83.6683E-03,+18.9686E-03
-9.9500E-03,-189.1960E-03,+18.9686E-03
-9.9400E-03,-176.6332E-03,+17.1093E-03
-9.9300E-03,-108.7940E-03,+22.1847E-03
-9.9200E-03,-56.0301E-03,+20.5766E-03
-9.9100E-03,-108.7940E-03,+18.6420E-03
-9.9000E-03,-108.7940E-03,+18.1646E-03
-9.8900E-03,-101.2563E-03,+19.7726E-03
-9.8800E-03,-108.7940E-03,+20.5766E-03
-9.8700E-03,-108.7940E-03,+22.9887E-03
-9.8600E-03,-108.7940E-03,+20.7023E-03
-9.8500E-03,-181.6583E-03,+18.1646E-03
-9.8400E-03,-161.5578E-03,+18.1646E-03
-9.8300E-03,-108.7940E-03,+17.6872E-03
-9.8200E-03,-40.9548E-03,+19.8982E-03
-9.8100E-03,-181.6583E-03,+21.3807E-03
-9.8000E-03,-108.7940E-03,+25.4008E-03
-9.7900E-03,-156.5327E-03,+21.7073E-03
-9.7800E-03,-108.7940E-03,+19.0942E-03
-9.7700E-03,-108.7940E-03,+19.7726E-03
-9.7600E-03,-136.4322E-03,+16.0289E-03
-9.7500E-03,-61.0553E-03,+21.8580E-03
-9.7400E-03,-108.7940E-03,+18.9686E-03
-9.7300E-03,-116.3317E-03,+15.7525E-03
-9.7200E-03,-108.7940E-03,+16.2802E-03
-9.7100E-03,-108.7940E-03,+17.5113E-03
-9.7000E-03,-96.2312E-03,+20.5766E-03
-9.6900E-03,-108.7940E-03,+18.8932E-03
-9.6800E-03,-108.7940E-03,+22.1847E-03
-9.6700E-03,-108.7940E-03,+20.0992E-03
-9.6600E-03,-176.6332E-03,+22.1847E-03
-9.6500E-03,-189.1960E-03,+19.9987E-03
-9.6400E-03,-108.7940E-03,+22.9887E-03
-9.6300E-03,-108.7940E-03,+19.7726E-03
-9.6200E-03,-176.6332E-03,+18.8430E-03
-9.6100E-03,-181.6583E-03,+21.4560E-03
-9.6000E-03,-161.5578E-03,+22.1847E-03
-9.5900E-03,-108.7940E-03,+22.6621E-03
-9.5800E-03,-189.1960E-03,+20.7023E-03
-9.5700E-03,-189.1960E-03,+22.1847E-03
-9.5600E-03,-108.7940E-03,+22.9887E-03
-9.5500E-03,-156.5327E-03,+21.3807E-03
-9.5400E-03,-108.7940E-03,+18.2902E-03
-9.5300E-03,-116.3317E-03,+20.5013E-03
-9.5200E-03,-133.9196E-03,+18.9686E-03
-9.5100E-03,-61.0553E-03,+19.1193E-03
-9.5000E-03,-176.6332E-03,+18.1646E-03
-9.4900E-03,-108.7940E-03,+14.8731E-03
-9.4800E-03,-108.7940E-03,+15.2249E-03
-9.4700E-03,-108.7940E-03,+15.9033E-03
-9.4600E-03,-176.6332E-03,+19.7726E-03
-9.4500E-03,-108.7940E-03,+21.2299E-03
-9.4400E-03,-108.7940E-03,+22.9887E-03
-9.4300E-03,-141.4573E-03,+23.3153E-03
-9.4200E-03,-108.7940E-03,+23.7927E-03
-9.4100E-03,-108.7940E-03,+25.2500E-03
-9.4000E-03,-136.4322E-03,+18.9686E-03
-9.3900E-03,-141.4573E-03,+18.4912E-03
-9.3800E-03,-176.6332E-03,+16.8078E-03
-9.3700E-03,-181.6583E-03,+18.0892E-03
-9.3600E-03,-108.7940E-03,+20.5766E-03
-9.3500E-03,-108.7940E-03,+22.9887E-03
-9.3400E-03,-96.2312E-03,+23.7927E-03
-9.3300E-03,-181.6583E-03,+22.2601E-03
-9.3200E-03,-161.5578E-03,+19.2450E-03
-9.3100E-03,-108.7940E-03,+25.7274E-03
-9.3000E-03,-176.6332E-03,+22.3103E-03
-9.2900E-03,-108.7940E-03,+22.9887E-03
-9.2800E-03,-136.4322E-03,+22.1847E-03
-9.2700E-03,-108.7940E-03,+16.5565E-03
-9.2600E-03,-53.5176E-03,+21.3807E-03
-9.2500E-03,-181.6583E-03,+17.3606E-03
-9.2400E-03,-136.4322E-03,+16.2802E-03
-9.2300E-03,-108.7940E-03,+14.6219E-03
-9.2200E-03,-176.6332E-03,+20.5766E-03
-9.2100E-03,-108.7940E-03,+20.5013E-03
-9.2000E-03,-108.7940E-03,+21.6319E-03
-9.1900E-03,-108.7940E-03,+21.2299E-03
-9.1800E-03,-121.3568E-03,+22.9887E-03
-9.1700E-03,-108.7940E-03,+20.5766E-03
-9.1600E-03,-108.7940E-03,+19.2450E-03
-9.1500E-03,-108.7940E-03,+19.2952E-03
-9.1400E-03,-108.7940E-03,+18.2902E-03
-9.1300E-03,-101.2563E-03,+18.0892E-03
-9.1200E-03,-161.5578E-03,+20.3003E-03
-9.1100E-03,-108.7940E-03,+20.0992E-03
-9.1000E-03,-108.7940E-03,+18.0389E-03
-9.0900E-03,-108.7940E-03,+21.3053E-03
-9.0800E-03,-108.7940E-03,+19.5214E-03
-9.0700E-03,-156.5327E-03,+19.4460E-03
-9.0600E-03,-108.7940E-03,+21.3807E-03
-9.0500E-03,-108.7940E-03,+22.2601E-03
-9.0400E-03,-108.7940E-03,+21.1043E-03
-9.0300E-03,-108.7940E-03,+20.9033E-03
-9.0200E-03,-108.7940E-03,+19.8982E-03
-9.0100E-03,-108.7940E-03,+20.5766E-03
-9.0000E-03,-108.7940E-03,+18.9686E-03
-8.9900E-03,-108.7940E-03,+18.9686E-03
-8.9800E-03,-176.6332E-03,+19.0942E-03
-8.9700E-03,-181.6583E-03,+19.0440E-03
-8.9600E-03,-108.7940E-03,+18.9686E-03
-8.9500E-03,-108.7940E-03,+18.6420E-03
-8.9400E-03,-108.7940E-03,+19.6470E-03
-8.9300E-03,-116.3317E-03,+22.1847E-03
-8.9200E-03,-108.7940E-03,+22.1847E-03
-8.9100E-03,-108.7940E-03,+21.8580E-03
-8.9000E-03,-108.7940E-03,+20.4510E-03
-8.8900E-03,-108.7940E-03,+19.7726E-03
-8.8800E-03,-108.7940E-03,+22.4611E-03
-8.8700E-03,-61.0553E-03,+23.7927E-03
-8.8600E-03,-108.7940E-03,+20.3254E-03
-8.8500E-03,-108.7940E-03,+18.2400E-03
-8.8400E-03,-83.6683E-03,+17.3606E-03
-8.8300E-03,-108.7940E-03,+17.3606E-03
-8.8200E-03,-108.7940E-03,+18.1646E-03
-8.8100E-03,-189.1960E-03,+19.6972E-03
-8.8000E-03,-108.7940E-03,+17.8882E-03
-8.7900E-03,-108.7940E-03,+21.0540E-03
-8.7800E-03,-121.3568E-03,+18.9686E-03
-8.7700E-03,-108.7940E-03,+25.3254E-03
-8.7600E-03,-108.7940E-03,+20.8530E-03
-8.7500E-03,-108.7940E-03,+20.5766E-03
-8.7400E-03,-108.7940E-03,+25.2751E-03
-8.7300E-03,-116.3317E-03,+22.1847E-03
-8.7200E-03,-108.7940E-03,+19.5214E-03
-8.7100E-03,-156.5327E-03,+24.2701E-03
-8.7000E-03,-176.6332E-03,+18.9686E-03
-8.6900E-03,-181.6583E-03,+15.8279E-03
-8.6800E-03,-161.5578E-03,+15.7525E-03
-8.6700E-03,-108.7940E-03,+17.8379E-03
-8.6600E-03,-189.1960E-03,+18.2902E-03
-8.6500E-03,-181.6583E-03,+18.8932E-03
-8.6400E-03,-161.5578E-03,+19.7726E-03
-8.6300E-03,-108.7940E-03,+21.3807E-03
-8.6200E-03,-40.9548E-03,+20.7023E-03
-8.6100E-03,-108.7940E-03,+25.3254E-03
-8.6000E-03,-189.1960E-03,+20.8530E-03
-8.5900E-03,-156.5327E-03,+26.5314E-03
-8.5800E-03,-121.3568E-03,+24.5967E-03
-8.5700E-03,-108.7940E-03,+19.0440E-03
-8.5600E-03,-108.7940E-03,+19.4962E-03
-8.5500E-03,-108.7940E-03,+19.2952E-03
-8.5400E-03,-108.7940E-03,+17.3606E-03
-8.5300E-03,-181.6583E-03,+17.3606E-03
-8.5200E-03,-108.7940E-03,+17.8882E-03
-8.5100E-03,-108.7940E-03,+16.0791E-03
-8.5000E-03,-189.1960E-03,+18.1646E-03
-8.4900E-03,-108.7940E-03,+21.3053E-03
-8.4800E-03,-108.7940E-03,+19.4962E-03
-8.4700E-03,-141.4573E-03,+18.1646E-03
-8.4600E-03,-108.7940E-03,+19.8982E-03
-8.4500E-03,-108.7940E-03,+19.0440E-03
-8.4400E-03,-136.4322E-03,+22.1847E-03
-8.4300E-03,-156.5327E-03,+25.0741E-03
-8.4200E-03,-108.7940E-03,+20.4510E-03
-8.4100E-03,-108.7940E-03,+22.1847E-03
-8.4000E-03,-108.7940E-03,+19.7726E-03
-8.3900E-03,-108.7940E-03,+21.3807E-03
-8.3800E-03,-96.2312E-03,+18.4158E-03
-8.3700E-03,-108.7940E-03,+22.2601E-03
-8.3600E-03,-136.4322E-03,+22.9887E-03
-8.3500E-03,-141.4573E-03,+22.9887E-03
-8.3400E-03,-121.3568E-03,+21.5063E-03
-8.3300E-03,-181.6583E-03,+22.9887E-03
-8.3200E-03,-108.7940E-03,+24.0691E-03
-8.3100E-03,-141.4573E-03,+25.7274E-03
-8.3000E-03,-108.7940E-03,+22.3103E-03
-8.2900E-03,-108.7940E-03,+23.7927E-03
-8.2800E-03,-136.4322E-03,+22.9887E-03
-8.2700E-03,-141.4573E-03,+21.3807E-03
-8.2600E-03,-108.7940E-03,+18.0389E-03
-8.2500E-03,-108.7940E-03,+20.5013E-03
-8.2400E-03,-108.7940E-03,+17.3606E-03
-8.2300E-03,-156.5327E-03,+16.5565E-03
-8.2200E-03,-189.1960E-03,+15.7525E-03
-8.2100E-03,-108.7940E-03,+16.5565E-03
-8.2000E-03,-108.7940E-03,+18.1646E-03
-8.1900E-03,-156.5327E-03,+18.9686E-03
-8.1800E-03,-108.7940E-03,+19.5214E-03
-8.1700E-03,-181.6583E-03,+17.4359E-03
-8.1600E-03,-108.7940E-03,+21.3807E-03
-8.1500E-03,-108.7940E-03,+21.3807E-03
-8.1400E-03,-176.6332E-03,+18.0389E-03
-8.1300E-03,-181.6583E-03,+19.7726E-03
-8.1200E-03,-108.7940E-03,+18.9686E-03
-8.1100E-03,-108.7940E-03,+18.4912E-03
-8.1000E-03,-108.7940E-03,+19.0942E-03
-8.0900E-03,-181.6583E-03,+22.1847E-03
-8.0800E-03,-161.5578E-03,+23.5163E-03
-8.0700E-03,-108.7940E-03,+22.1847E-03
-8.0600E-03,-108.7940E-03,+19.7726E-03
-8.0500E-03,-108.7940E-03,+20.6520E-03
-8.0400E-03,-161.5578E-03,+18.9686E-03
-8.0300E-03,-108.7940E-03,+20.5766E-03
-8.0200E-03,-108.7940E-03,+22.3103E-03
-8.0100E-03,-108.7940E-03,+22.2601E-03
-8.0000E-03,-136.4322E-03,+24.5967E-03
-7.9900E-03,-108.7940E-03,+20.0992E-03
-7.9800E-03,-121.3568E-03,+22.9887E-03
-7.9700E-03,-116.3317E-03,+21.3053E-03
-7.9600E-03,-108.7940E-03,+19.2198E-03
-7.9500E-03,-156.5327E-03,+19.7726E-03
-7.9400E-03,-108.7940E-03,+21.3807E-03
-7.9300E-03,-108.7940E-03,+22.2601E-03
-7.9200E-03,-133.9196E-03,+21.1043E-03
-7.9100E-03,-141.4573E-03,+19.7726E-03
-7.9000E-03,-108.7940E-03,+19.7726E-03
-7.8900E-03,-108.7940E-03,+20.5013E-03
-7.8800E-03,-108.7940E-03,+22.1847E-03
-7.8700E-03,-108.7940E-03,+20.5766E-03
-7.8600E-03,-108.7940E-03,+18.2902E-03
-7.8500E-03,-181.6583E-03,+20.5013E-03
-7.8400E-03,-189.1960E-03,+18.9686E-03
-7.8300E-03,-108.7940E-03,+21.8580E-03
-7.8200E-03,-40.9548E-03,+22.8631E-03
-7.8100E-03,-108.7940E-03,+20.5766E-03
-7.8000E-03,-81.1558E-03,+18.9686E-03
-7.7900E-03,-189.1960E-03,+18.9686E-03
-7.7800E-03,-176.6332E-03,+18.1646E-03
-7.7700E-03,-108.7940E-03,+22.1093E-03
-7.7600E-03,-108.7940E-03,+20.8530E-03
-7.7500E-03,-156.5327E-03,+19.7726E-03
-7.7400E-03,-108.7940E-03,+21.5063E-03
-7.7300E-03,-108.7940E-03,+18.1646E-03
-7.7200E-03,-108.7940E-03,+18.1646E-03
-7.7100E-03,-108.7940E-03,+19.6219E-03
-7.7000E-03,-108.7940E-03,+14.9485E-03
-7.6900E-03,-108.7940E-03,+15.0239E-03
-7.6800E-03,-136.4322E-03,+15.2249E-03
-7.6700E-03,-108.7940E-03,+14.9485E-03
-7.6600E-03,-121.3568E-03,+18.0389E-03
-7.6500E-03,-189.1960E-03,+15.8279E-03
-7.6400E-03,-189.1960E-03,+18.1646E-03
-7.6300E-03,-156.5327E-03,+18.6420E-03
-7.6200E-03,-121.3568E-03,+15.8781E-03
-7.6100E-03,-108.7940E-03,+16.4058E-03
-7.6000E-03,-108.7940E-03,+16.5565E-03
-7.5900E-03,-108.7940E-03,+19.4460E-03
-7.5800E-03,-108.7940E-03,+18.2902E-03
-7.5700E-03,-108.7940E-03,+17.3606E-03
-7.5600E-03,-108.7940E-03,+18.1646E-03
-7.5500E-03,-108.7940E-03,+20.0992E-03
-7.5400E-03,-108.7940E-03,+23.6671E-03
-7.5300E-03,-108.7940E-03,+23.7927E-03
-7.5200E-03,-136.4322E-03,+23.5163E-03
-7.5100E-03,-108.7940E-03,+23.4661E-03
-7.5000E-03,-108.7940E-03,+18.1646E-03
-7.4900E-03,-108.7940E-03,+18.8932E-03
-7.4800E-03,-81.1558E-03,+18.6922E-03
-7.4700E-03,-141.4573E-03,+19.7726E-03
-7.4600E-03,-108.7940E-03,+18.8430E-03
-7.4500E-03,-108.7940E-03,+19.7726E-03
-7.4400E-03,-136.4322E-03,+19.2450E-03
-7.4300E-03,-141.4573E-03,+18.9686E-03
-7.4200E-03,-176.6332E-03,+19.7726E-03
-7.4100E-03,-108.7940E-03,+23.7173E-03
-7.4000E-03,-161.5578E-03,+22.7374E-03
-7.3900E-03,-108.7940E-03,+21.0540E-03
-7.3800E-03,-108.7940E-03,+20.5766E-03
-7.3700E-03,-108.7940E-03,+18.1646E-03
-7.3600E-03,-136.4322E-03,+20.3003E-03
-7.3500E-03,-141.4573E-03,+19.2952E-03
-7.3400E-03,-108.7940E-03,+18.8430E-03
-7.3300E-03,-116.3317E-03,+21.2299E-03
-7.3200E-03,-108.7940E-03,+18.1646E-03
-7.3100E-03,-141.4573E-03,+21.8580E-03
-7.3000E-03,-108.7940E-03,+27.1344E-03
-7.2900E-03,-108.7940E-03,+24.5214E-03
-7.2800E-03,-108.7940E-03,+21.6570E-03
-7.2700E-03,-108.7940E-03,+23.4661E-03
-7.2600E-03,-121.3568E-03,+26.8832E-03
-7.2500E-03,-181.6583E-03,+24.5214E-03
-7.2400E-03,-161.5578E-03,+19.2450E-03
-7.2300E-03,-141.4573E-03,+20.5766E-03
-7.2200E-03,-176.6332E-03,+22.7374E-03
-7.2100E-03,-189.1960E-03,+20.5013E-03
-7.2000E-03,-56.0301E-03,+20.5766E-03
-7.1900E-03,-108.7940E-03,+18.4912E-03
-7.1800E-03,-108.7940E-03,+18.5917E-03
-7.1700E-03,-108.7940E-03,+18.9686E-03
-7.1600E-03,-108.7940E-03,+20.3003E-03
-7.1500E-03,-108.7940E-03,+16.8832E-03
-7.1400E-03,-108.7940E-03,+15.8781E-03
-7.1300E-03,-108.7940E-03,+19.0440E-03
-7.1200E-03,-108.7940E-03,+20.5766E-03
-7.1100E-03,-156.5327E-03,+18.1646E-03
-7.1000E-03,-121.3568E-03,+19.8982E-03
-7.0900E-03,-116.3317E-03,+22.1093E-03
-7.0800E-03,-108.7940E-03,+19.4962E-03
-7.0700E-03,-156.5327E-03,+22.9887E-03
-7.0600E-03,-121.3568E-03,+22.1847E-03
-7.0500E-03,-108.7940E-03,+19.8480E-03
-7.0400E-03,-108.7940E-03,+23.2651E-03
-7.0300E-03,-108.7940E-03,+24.1193E-03
-7.0200E-03,-121.3568E-03,+22.1847E-03
-7.0100E-03,-108.7940E-03,+22.9133E-03
-7.0000E-03,-136.4322E-03,+22.4611E-03
-6.9900E-03,-108.7940E-03,+20.9033E-03
-6.9800E-03,-108.7940E-03,+22.1847E-03
-6.9700E-03,-108.7940E-03,+23.7927E-03
-6.9600E-03,-161.5578E-03,+23.7927E-03
-6.9500E-03,-108.7940E-03,+20.5766E-03
-6.9400E-03,-108.7940E-03,+20.4510E-03
-6.9300E-03,-108.7940E-03,+18.2400E-03
-6.9200E-03,-161.5578E-03,+20.5766E-03
-6.9100E-03,-141.4573E-03,+18.6420E-03
-6.9000E-03,-121.3568E-03,+19.7726E-03
-6.8900E-03,-181.6583E-03,+19.7726E-03
-6.8800E-03,-108.7940E-03,+23.5163E-03
-6.8700E-03,-108.7940E-03,+21.3807E-03
-6.8600E-03,-40.9548E-03,+19.2198E-03
-6.8500E-03,-116.3317E-03,+19.7726E-03
-6.8400E-03,-161.5578E-03,+17.3606E-03
-6.8300E-03,-156.5327E-03,+16.7073E-03
-6.8200E-03,-121.3568E-03,+17.4862E-03
-6.8100E-03,-181.6583E-03,+15.6771E-03
-6.8000E-03,-136.4322E-03,+16.5565E-03
-6.7900E-03,-108.7940E-03,+14.6219E-03
-6.7800E-03,-108.7940E-03,+18.1646E-03
-6.7700E-03,-108.7940E-03,+21.4560E-03
-6.7600E-03,-108.7940E-03,+17.3606E-03
-6.7500E-03,-108.7940E-03,+17.3606E-03
-6.7400E-03,-108.7940E-03,+15.8781E-03
-6.7300E-03,-108.7940E-03,+18.3153E-03
-6.7200E-03,-161.5578E-03,+16.0289E-03
-6.7100E-03,-108.7940E-03,+19.7726E-03
-6.7000E-03,-121.3568E-03,+18.1646E-03
-6.6900E-03,-116.3317E-03,+16.6319E-03
-6.6800E-03,-161.5578E-03,+17.3606E-03
-6.6700E-03,-141.4573E-03,+14.1445E-03
-6.6600E-03,-108.7940E-03,+12.5364E-03
-6.6500E-03,-108.7940E-03,+14.9485E-03
-6.6400E-03,-108.7940E-03,+18.4410E-03
-6.6300E-03,-93.7186E-03,+20.5766E-03
-6.6200E-03,-176.6332E-03,+20.5766E-03
-6.6100E-03,-108.7940E-03,+23.7173E-03
-6.6000E-03,-108.7940E-03,+20.3003E-03
-6.5900E-03,-156.5327E-03,+24.1193E-03
-6.5800E-03,-108.7940E-03,+22.9887E-03
-6.5700E-03,-108.7940E-03,+19.6972E-03
-6.5600E-03,-108.7940E-03,+22.9887E-03
-6.5500E-03,-108.7940E-03,+21.8580E-03
-6.5400E-03,-108.7940E-03,+22.9887E-03
-6.5300E-03,-189.1960E-03,+22.9133E-03
-6.5200E-03,-108.7940E-03,+18.4410E-03
-6.5100E-03,-141.4573E-03,+19.2952E-03
-6.5000E-03,-121.3568E-03,+18.2902E-03
-6.4900E-03,-108.7940E-03,+16.4812E-03
-6.4800E-03,-108.7940E-03,+22.7123E-03
-6.4700E-03,-156.5327E-03,+20.0992E-03
-6.4600E-03,-108.7940E-03,+20.7023E-03
-6.4500E-03,-116.3317E-03,+19.6219E-03
-6.4400E-03,-108.7940E-03,+18.1646E-03
-6.4300E-03,-108.7940E-03,+17.8379E-03
-6.4200E-03,-108.7940E-03,+20.7023E-03
-6.4100E-03,-181.6583E-03,+18.2400E-03
-6.4000E-03,-161.5578E-03,+16.0289E-03
-6.3900E-03,-189.1960E-03,+18.9686E-03
-6.3800E-03,-108.7940E-03,+23.7927E-03
-6.3700E-03,-108.7940E-03,+19.6972E-03
-6.3600E-03,-189.1960E-03,+22.9887E-03
-6.3500E-03,-141.4573E-03,+24.2701E-03
-6.3400E-03,-108.7940E-03,+22.9887E-03
-6.3300E-03,-116.3317E-03,+20.5766E-03
-6.3200E-03,-108.7940E-03,+20.5766E-03
-6.3100E-03,-108.7940E-03,+20.0992E-03
-6.3000E-03,-108.7940E-03,+19.0942E-03
-6.2900E-03,-108.7940E-03,+19.8480E-03
-6.2800E-03,-136.4322E-03,+22.4359E-03
-6.2700E-03,-108.7940E-03,+19.7726E-03
-6.2600E-03,-176.6332E-03,+18.9686E-03
-6.2500E-03,-108.7940E-03,+19.6219E-03
-6.2400E-03,-161.5578E-03,+21.1294E-03
-6.2300E-03,-141.4573E-03,+18.1646E-03
-6.2200E-03,-108.7940E-03,+22.7374E-03
-6.2100E-03,-108.7940E-03,+19.6972E-03
-6.2000E-03,-161.5578E-03,+16.8329E-03
-6.1900E-03,-108.7940E-03,+21.8580E-03
-6.1800E-03,-108.7940E-03,+20.4510E-03
-6.1700E-03,-108.7940E-03,+18.1646E-03
-6.1600E-03,-161.5578E-03,+17.3606E-03
-6.1500E-03,-108.7940E-03,+16.5565E-03
-6.1400E-03,-108.7940E-03,+16.5565E-03
-6.1300E-03,-174.1206E-03,+18.1646E-03
-6.1200E-03,-56.0301E-03,+18.4410E-03
-6.1100E-03,-61.0553E-03,+19.2952E-03
-6.1000E-03,-121.3568E-03,+21.3807E-03
-6.0900E-03,-108.7940E-03,+22.2601E-03
-6.0800E-03,-108.7940E-03,+22.9887E-03
-6.0700E-03,-108.7940E-03,+22.6621E-03
-6.0600E-03,-176.6332E-03,+20.5766E-03
-6.0500E-03,-189.1960E-03,+18.9686E-03
-6.0400E-03,-81.1558E-03,+18.9686E-03
-6.0300E-03,-108.7940E-03,+20.5766E-03
-6.0200E-03,-108.7940E-03,+23.1143E-03
-6.0100E-03,-181.6583E-03,+23.7927E-03
-6.0000E-03,-108.7940E-03,+25.4008E-03
-5.9900E-03,-108.7940E-03,+21.7073E-03
-5.9800E-03,-108.7940E-03,+23.1143E-03
-5.9700E-03,-108.7940E-03,+22.9133E-03
-5.9600E-03,-108.7940E-03,+23.5163E-03
-5.9500E-03,-141.4573E-03,+19.1193E-03
-5.9400E-03,-108.7940E-03,+15.7525E-03
-5.9300E-03,-116.3317E-03,+21.3053E-03
-5.9200E-03,-108.7940E-03,+18.9686E-03
-5.9100E-03,-156.5327E-03,+21.3807E-03
-5.9000E-03,-108.7940E-03,+26.6319E-03
-5.8900E-03,-116.3317E-03,+24.5967E-03
-5.8800E-03,-108.7940E-03,+22.1847E-03
-5.8700E-03,-156.5327E-03,+21.0540E-03
-5.8600E-03,-108.7940E-03,+21.2550E-03
-5.8500E-03,-108.7940E-03,+20.5766E-03
-5.8400E-03,-136.4322E-03,+18.4410E-03
-5.8300E-03,-156.5327E-03,+21.3807E-03
-5.8200E-03,-96.2312E-03,+19.6470E-03
-5.8100E-03,-181.6583E-03,+22.7626E-03
-5.8000E-03,-108.7940E-03,+20.5766E-03
-5.7900E-03,-108.7940E-03,+19.4460E-03
-5.7800E-03,-121.3568E-03,+18.2902E-03
-5.7700E-03,-116.3317E-03,+22.9133E-03
-5.7600E-03,-108.7940E-03,+22.1847E-03
-5.7500E-03,-141.4573E-03,+22.9887E-03
-5.7400E-03,-121.3568E-03,+18.9686E-03
-5.7300E-03,-181.6583E-03,+19.9234E-03
-5.7200E-03,-161.5578E-03,+18.9686E-03
-5.7100E-03,-108.7940E-03,+16.5565E-03
-5.7000E-03,-121.3568E-03,+16.9334E-03
-5.6900E-03,-181.6583E-03,+21.3053E-03
-5.6800E-03,-108.7940E-03,+18.6922E-03
-5.6700E-03,-108.7940E-03,+15.7525E-03
-5.6600E-03,-121.3568E-03,+18.7173E-03
-5.6500E-03,-181.6583E-03,+18.2400E-03
-5.6400E-03,-161.5578E-03,+20.8530E-03
-5.6300E-03,-108.7940E-03,+24.9234E-03
-5.6200E-03,-108.7940E-03,+22.9887E-03
-5.6100E-03,-108.7940E-03,+22.9887E-03
-5.6000E-03,-108.7940E-03,+19.2450E-03
-5.5900E-03,-141.4573E-03,+24.7475E-03
-5.5800E-03,-189.1960E-03,+18.8430E-03
-5.5700E-03,-116.3317E-03,+20.6520E-03
-5.5600E-03,-108.7940E-03,+21.1043E-03
-5.5500E-03,-108.7940E-03,+21.7073E-03
-5.5400E-03,-108.7940E-03,+18.8430E-03
-5.5300E-03,-174.1206E-03,+17.2852E-03
-5.5200E-03,-108.7940E-03,+15.5013E-03
-5.5100E-03,-108.7940E-03,+16.5565E-03
-5.5000E-03,-108.7940E-03,+19.2198E-03
-5.4900E-03,-181.6583E-03,+18.2400E-03
-5.4800E-03,-136.4322E-03,+18.1646E-03
-5.4700E-03,-108.7940E-03,+17.8379E-03
-5.4600E-03,-108.7940E-03,+18.8430E-03
-5.4500E-03,-108.7940E-03,+15.6771E-03
-5.4400E-03,-108.7940E-03,+14.1445E-03
-5.4300E-03,-108.7940E-03,+18.0138E-03
-5.4200E-03,-189.1960E-03,+20.5766E-03
-5.4100E-03,-35.9296E-03,+19.8480E-03
-5.4000E-03,-189.1960E-03,+21.1043E-03
-5.3900E-03,-108.7940E-03,+21.8580E-03
-5.3800E-03,-108.7940E-03,+15.7525E-03
-5.3700E-03,-108.7940E-03,+16.6319E-03
-5.3600E-03,-108.7940E-03,+20.8530E-03
-5.3500E-03,-156.5327E-03,+23.7927E-03
-5.3400E-03,-121.3568E-03,+18.8430E-03
-5.3300E-03,-174.1206E-03,+18.2400E-03
-5.3200E-03,-108.7940E-03,+19.7726E-03
-5.3100E-03,-108.7940E-03,+21.3807E-03
-5.3000E-03,-108.7940E-03,+19.0942E-03
-5.2900E-03,-108.7940E-03,+19.6972E-03
-5.2800E-03,-108.7940E-03,+20.8530E-03
-5.2700E-03,-156.5327E-03,+20.2500E-03
-5.2600E-03,-108.7940E-03,+18.9686E-03
-5.2500E-03,-108.7940E-03,+18.9686E-03
-5.2400E-03,-161.5578E-03,+21.1043E-03
-5.2300E-03,-141.4573E-03,+20.2500E-03
-5.2200E-03,-108.7940E-03,+18.9686E-03
-5.2100E-03,-181.6583E-03,+17.4359E-03
-5.2000E-03,-189.1960E-03,+17.3606E-03
-5.1900E-03,-141.4573E-03,+16.8832E-03
-5.1800E-03,-108.7940E-03,+14.1445E-03
-5.1700E-03,-108.7940E-03,+19.9987E-03
-5.1600E-03,-136.4322E-03,+21.9083E-03
-5.1500E-03,-108.7940E-03,+22.1847E-03
-5.1400E-03,-108.7940E-03,+20.7023E-03
-5.1300E-03,-189.1960E-03,+20.5766E-03
-5.1200E-03,-56.0301E-03,+21.9334E-03
-5.1100E-03,-108.7940E-03,+18.6420E-03
-5.1000E-03,-121.3568E-03,+20.7023E-03
-5.0900E-03,-101.2563E-03,+21.3807E-03
-5.0800E-03,-161.5578E-03,+20.8530E-03
-5.0700E-03,-108.7940E-03,+18.9686E-03
-5.0600E-03,-108.7940E-03,+19.7726E-03
-5.0500E-03,-101.2563E-03,+21.3807E-03
-5.0400E-03,-108.7940E-03,+18.6922E-03
-5.0300E-03,-108.7940E-03,+17.8379E-03
-5.0200E-03,-108.7940E-03,+17.3606E-03
-5.0100E-03,-123.8693E-03,+18.0892E-03
-5.0000E-03,-136.4322E-03,+19.7726E-03
-4.9900E-03,-108.7940E-03,+17.8379E-03
-4.9800E-03,-108.7940E-03,+20.5766E-03
-4.9700E-03,-116.3317E-03,+18.8932E-03
-4.9600E-03,-136.4322E-03,+16.2802E-03
-4.9500E-03,-108.7940E-03,+14.1445E-03
-4.9400E-03,-108.7940E-03,+19.7726E-03
-4.9300E-03,-43.4673E-03,+17.4359E-03
-4.9200E-03,-161.5578E-03,+19.2450E-03
-4.9100E-03,-108.7940E-03,+17.6872E-03
-4.9000E-03,-108.7940E-03,+15.7525E-03
-4.8900E-03,-108.7940E-03,+20.5013E-03
-4.8800E-03,-161.5578E-03,+21.9083E-03
-4.8700E-03,-141.4573E-03,+24.5967E-03
-4.8600E-03,-108.7940E-03,+21.5063E-03
-4.8500E-03,-108.7940E-03,+20.5013E-03
-4.8400E-03,-189.1960E-03,+17.3606E-03
-4.8300E-03,-108.7940E-03,+17.6872E-03
-4.8200E-03,-108.7940E-03,+18.1646E-03
-4.8100E-03,-108.7940E-03,+20.5013E-03
-4.8000E-03,-189.1960E-03,+18.1646E-03
-4.7900E-03,-108.7940E-03,+18.9686E-03
-4.7800E-03,-108.7940E-03,+18.1646E-03
-4.7700E-03,-108.7940E-03,+18.0892E-03
-4.7600E-03,-136.4322E-03,+20.8530E-03
-4.7500E-03,-108.7940E-03,+18.4912E-03
-4.7400E-03,-176.6332E-03,+19.0942E-03
-4.7300E-03,-108.7940E-03,+20.6520E-03
-4.7200E-03,-81.1558E-03,+21.3807E-03
-4.7100E-03,-108.7940E-03,+18.1646E-03
-4.7000E-03,-121.3568E-03,+20.4510E-03
-4.6900E-03,-108.7940E-03,+22.9887E-03
-4.6800E-03,-136.4322E-03,+19.4962E-03
-4.6700E-03,-108.7940E-03,+23.4661E-03
-4.6600E-03,-53.5176E-03,+23.7927E-03
-4.6500E-03,-108.7940E-03,+22.0339E-03
-4.6400E-03,-108.7940E-03,+21.3807E-03
-4.6300E-03,-108.7940E-03,+17.8379E-03
-4.6200E-03,-108.7940E-03,+20.4510E-03
-4.6100E-03,-116.3317E-03,+18.1646E-03
-4.6000E-03,-108.7940E-03,+19.2450E-03
-4.5900E-03,-108.7940E-03,+18.1646E-03
-4.5800E-03,-121.3568E-03,+19.7726E-03
-4.5700E-03,-189.1960E-03,+15.7525E-03
-4.5600E-03,-136.4322E-03,+18.4410E-03
-4.5500E-03,-141.4573E-03,+19.4460E-03
-4.5400E-03,-108.7940E-03,+19.7726E-03
-4.5300E-03,-108.7940E-03,+22.9887E-03
-4.5200E-03,-108.7940E-03,+22.1847E-03
-4.5100E-03,-61.0553E-03,+21.7073E-03
-4.5000E-03,-108.7940E-03,+16.4309E-03
-4.4900E-03,-181.6583E-03,+15.6771E-03
-4.4800E-03,-161.5578E-03,+21.1043E-03
-4.4700E-03,-108.7940E-03,+23.7927E-03
-4.4600E-03,-108.7940E-03,+20.5766E-03
-4.4500E-03,-108.7940E-03,+23.1394E-03
-4.4400E-03,-161.5578E-03,+24.8731E-03
-4.4300E-03,-108.7940E-03,+21.5314E-03
-4.4200E-03,-108.7940E-03,+24.4711E-03
-4.4100E-03,-35.9296E-03,+23.7173E-03
-4.4000E-03,-108.7940E-03,+22.4359E-03
-4.3900E-03,-141.4573E-03,+21.7073E-03
-4.3800E-03,-108.7940E-03,+25.5264E-03
-4.3700E-03,-116.3317E-03,+21.3807E-03
-4.3600E-03,-108.7940E-03,+18.1646E-03
-4.3500E-03,-189.1960E-03,+16.2299E-03
-4.3400E-03,-108.7940E-03,+16.5565E-03
-4.3300E-03,-181.6583E-03,+17.3606E-03
-4.3200E-03,-83.6683E-03,+16.5565E-03
-4.3100E-03,-108.7940E-03,+19.9234E-03
-4.3000E-03,-108.7940E-03,+19.8982E-03
-4.2900E-03,-108.7940E-03,+21.3053E-03
-4.2800E-03,-108.7940E-03,+18.1646E-03
-4.2700E-03,-108.7940E-03,+19.6219E-03
-4.2600E-03,-108.7940E-03,+18.0389E-03
-4.2500E-03,-108.7940E-03,+19.0440E-03
-4.2400E-03,-161.5578E-03,+19.7726E-03
-4.2300E-03,-108.7940E-03,+16.5565E-03
-4.2200E-03,-108.7940E-03,+18.1646E-03
-4.2100E-03,-116.3317E-03,+20.6520E-03
-4.2000E-03,-161.5578E-03,+19.2450E-03
-4.1900E-03,-141.4573E-03,+21.7073E-03
-4.1800E-03,-176.6332E-03,+24.7224E-03
-4.1700E-03,-181.6583E-03,+20.5766E-03
-4.1600E-03,-108.7940E-03,+21.1043E-03
-4.1500E-03,-156.5327E-03,+19.9234E-03
-4.1400E-03,-108.7940E-03,+21.5063E-03
-4.1300E-03,-116.3317E-03,+21.5314E-03
-4.1200E-03,-189.1960E-03,+18.7173E-03
-4.1100E-03,-141.4573E-03,+18.1646E-03
-4.1000E-03,-108.7940E-03,+19.2198E-03
-4.0900E-03,-181.6583E-03,+26.2802E-03
-4.0800E-03,-108.7940E-03,+27.0088E-03
-4.0700E-03,-108.7940E-03,+19.7726E-03
-4.0600E-03,-176.6332E-03,+17.3606E-03
-4.0500E-03,-108.7940E-03,+19.7726E-03
-4.0400E-03,-161.5578E-03,+17.1093E-03
-4.0300E-03,-108.7940E-03,+17.0339E-03
-4.0200E-03,-108.7940E-03,+18.9686E-03
-4.0100E-03,-108.7940E-03,+18.0892E-03
-4.0000E-03,-108.7940E-03,+18.7173E-03
-3.9900E-03,-141.4573E-03,+19.2952E-03
-3.9800E-03,-176.6332E-03,+22.0590E-03
-3.9700E-03,-181.6583E-03,+18.2400E-03
-3.9600E-03,-136.4322E-03,+25.4008E-03
-3.9500E-03,-156.5327E-03,+24.1193E-03
-3.9400E-03,-108.7940E-03,+21.2550E-03
-3.9300E-03,-108.7940E-03,+22.1093E-03
-3.9200E-03,-108.7940E-03,+21.9334E-03
-3.9100E-03,-141.4573E-03,+18.1646E-03
-3.9000E-03,-121.3568E-03,+18.0389E-03
-3.8900E-03,-181.6583E-03,+18.8932E-03
-3.8800E-03,-108.7940E-03,+17.3606E-03
-3.8700E-03,-141.4573E-03,+16.8832E-03
-3.8600E-03,-108.7940E-03,+18.9686E-03
-3.8500E-03,-108.7940E-03,+18.8932E-03
-3.8400E-03,-108.7940E-03,+18.9686E-03
-3.8300E-03,-108.7940E-03,+21.2048E-03
-3.8200E-03,-121.3568E-03,+19.8982E-03
-3.8100E-03,-108.7940E-03,+18.1646E-03
-3.8000E-03,-108.7940E-03,+22.1847E-03
-3.7900E-03,-108.7940E-03,+21.0540E-03
-3.7800E-03,-108.7940E-03,+21.5063E-03
-3.7700E-03,-181.6583E-03,+21.5314E-03
-3.7600E-03,-108.7940E-03,+22.7123E-03
-3.7500E-03,-141.4573E-03,+24.5967E-03
-3.7400E-03,-108.7940E-03,+27.6872E-03
-3.7300E-03,-116.3317E-03,+24.6721E-03
-3.7200E-03,-81.1558E-03,+20.8530E-03
-3.7100E-03,-108.7940E-03,+24.2701E-03
-3.7000E-03,-108.7940E-03,+18.1646E-03
-3.6900E-03,-116.3317E-03,+16.5565E-03
-3.6800E-03,-56.0301E-03,+15.2249E-03
-3.6700E-03,-108.7940E-03,+19.7726E-03
-3.6600E-03,-108.7940E-03,+22.1847E-03
-3.6500E-03,-181.6583E-03,+19.0440E-03
-3.6400E-03,-108.7940E-03,+18.6922E-03
-3.6300E-03,-108.7940E-03,+19.7726E-03
-3.6200E-03,-40.9548E-03,+19.8982E-03
-3.6100E-03,-116.3317E-03,+18.9686E-03
-3.6000E-03,-108.7940E-03,+22.9887E-03
-3.5900E-03,-108.7940E-03,+21.0540E-03
-3.5800E-03,-189.1960E-03,+22.1847E-03
-3.5700E-03,-108.7940E-03,+19.6972E-03
-3.5600E-03,-161.5578E-03,+19.2450E-03
-3.5500E-03,-108.7940E-03,+16.5565E-03
-3.5400E-03,-176.6332E-03,+17.3606E-03
-3.5300E-03,-181.6583E-03,+20.5013E-03
-3.5200E-03,-161.5578E-03,+20.8530E-03
-3.5100E-03,-108.7940E-03,+23.9435E-03
-3.5000E-03,-108.7940E-03,+22.1847E-03
-3.4900E-03,-116.3317E-03,+19.0440E-03
-3.4800E-03,-161.5578E-03,+18.6922E-03
-3.4700E-03,-108.7940E-03,+24.5967E-03
-3.4600E-03,-108.7940E-03,+20.5766E-03
-3.4500E-03,-181.6583E-03,+20.4259E-03
-3.4400E-03,-108.7940E-03,+16.2802E-03
-3.4300E-03,-141.4573E-03,+15.7525E-03
-3.4200E-03,-108.7940E-03,+13.8932E-03
-3.4100E-03,-181.6583E-03,+15.0239E-03
-3.4000E-03,-161.5578E-03,+19.2450E-03
-3.3900E-03,-108.7940E-03,+23.3153E-03
-3.3800E-03,-40.9548E-03,+21.3807E-03
-3.3700E-03,-101.2563E-03,+20.5766E-03
-3.3600E-03,-136.4322E-03,+23.7927E-03
-3.3500E-03,-156.5327E-03,+22.1847E-03
-3.3400E-03,-176.6332E-03,+22.0590E-03
-3.3300E-03,-108.7940E-03,+22.1847E-03
-3.3200E-03,-108.7940E-03,+20.0490E-03
-3.3100E-03,-156.5327E-03,+22.1847E-03
-3.3000E-03,-121.3568E-03,+22.1847E-03
-3.2900E-03,-181.6583E-03,+21.3053E-03
-3.2800E-03,-136.4322E-03,+21.3807E-03
-3.2700E-03,-156.5327E-03,+19.4460E-03
-3.2600E-03,-121.3568E-03,+18.2902E-03
-3.2500E-03,-108.7940E-03,+18.8932E-03
-3.2400E-03,-136.4322E-03,+17.8882E-03
-3.2300E-03,-108.7940E-03,+17.3606E-03
-3.2200E-03,-121.3568E-03,+18.0389E-03
-3.2100E-03,-43.4673E-03,+19.7726E-03
-3.2000E-03,-161.5578E-03,+16.5565E-03
-3.1900E-03,-108.7940E-03,+18.4912E-03
-3.1800E-03,-108.7940E-03,+18.1646E-03
-3.1700E-03,-108.7940E-03,+21.3807E-03
-3.1600E-03,-161.5578E-03,+21.3807E-03
-3.1500E-03,-189.1960E-03,+23.4661E-03
-3.1400E-03,-176.6332E-03,+19.8982E-03
-3.1300E-03,-108.7940E-03,+20.5013E-03
-3.1200E-03,-108.7940E-03,+22.1847E-03
-3.1100E-03,-108.7940E-03,+24.5967E-03
-3.1000E-03,-176.6332E-03,+23.9183E-03
-3.0900E-03,-108.7940E-03,+20.5013E-03
-3.0800E-03,-108.7940E-03,+18.1646E-03
-3.0700E-03,-141.4573E-03,+18.1646E-03
-3.0600E-03,-108.7940E-03,+19.6470E-03
-3.0500E-03,-181.6583E-03,+22.9133E-03
-3.0400E-03,-108.7940E-03,+19.7726E-03
-3.0300E-03,-61.0553E-03,+21.0540E-03
-3.0200E-03,-108.7940E-03,+20.5766E-03
-3.0100E-03,-189.1960E-03,+21.3807E-03
-3.0000E-03,-186.6834E-03,+19.2198E-03
-2.9900E-03,-108.7940E-03,+22.1847E-03
-2.9800E-03,-108.7940E-03,+22.8631E-03
-2.9700E-03,-108.7940E-03,+22.9887E-03
-2.9600E-03,-108.7940E-03,+21.9083E-03
-2.9500E-03,-108.7940E-03,+24.4460E-03
-2.9400E-03,-108.7940E-03,+22.3103E-03
-2.9300E-03,-108.7940E-03,+24.5214E-03
-2.9200E-03,-189.1960E-03,+20.5766E-03
-2.9100E-03,-156.5327E-03,+18.4912E-03
-2.9000E-03,-53.5176E-03,+18.9686E-03
-2.8900E-03,-181.6583E-03,+21.3053E-03
-2.8800E-03,-161.5578E-03,+28.6168E-03
-2.8700E-03,-108.7940E-03,+24.2701E-03
-2.8600E-03,-40.9548E-03,+22.1847E-03
-2.8500E-03,-116.3317E-03,+16.4812E-03
-2.8400E-03,-108.7940E-03,+20.0490E-03
-2.8300E-03,-156.5327E-03,+20.5766E-03
-2.8200E-03,-108.7940E-03,+18.1646E-03
-2.8100E-03,-116.3317E-03,+18.2400E-03
-2.8000E-03,-108.7940E-03,+19.7726E-03
-2.7900E-03,-108.7940E-03,+19.7726E-03
-2.7800E-03,-108.7940E-03,+19.7726E-03
-2.7700E-03,-108.7940E-03,+19.0440E-03
-2.7600E-03,-136.4322E-03,+19.2450E-03
-2.7500E-03,-108.7940E-03,+17.6872E-03
-2.7400E-03,-108.7940E-03,+16.6822E-03
-2.7300E-03,-108.7940E-03,+18.8932E-03
-2.7200E-03,-136.4322E-03,+17.6369E-03
-2.7100E-03,-156.5327E-03,+16.8832E-03
-2.7000E-03,-176.6332E-03,+19.8982E-03
-2.6900E-03,-108.7940E-03,+19.0440E-03
-2.6800E-03,-108.7940E-03,+20.3003E-03
-2.6700E-03,-61.0553E-03,+19.2952E-03
-2.6600E-03,-176.6332E-03,+18.1646E-03
-2.6500E-03,-108.7940E-03,+22.0339E-03
-2.6400E-03,-189.1960E-03,+20.8530E-03
-2.6300E-03,-108.7940E-03,+19.4460E-03
-2.6200E-03,-108.7940E-03,+18.9686E-03
-2.6100E-03,-181.6583E-03,+18.2400E-03
-2.6000E-03,-108.7940E-03,+21.9083E-03
-2.5900E-03,-108.7940E-03,+19.2952E-03
-2.5800E-03,-108.7940E-03,+20.8279E-03
-2.5700E-03,-108.7940E-03,+22.9887E-03
-2.5600E-03,-161.5578E-03,+23.5163E-03
-2.5500E-03,-108.7940E-03,+21.0540E-03
-2.5400E-03,-108.7940E-03,+20.7023E-03
-2.5300E-03,-189.1960E-03,+19.6972E-03
-2.5200E-03,-161.5578E-03,+17.3606E-03
-2.5100E-03,-108.7940E-03,+16.5565E-03
-2.5000E-03,-164.0703E-03,+18.1646E-03
-2.4900E-03,-181.6583E-03,+18.2400E-03
-2.4800E-03,-161.5578E-03,+18.6922E-03
-2.4700E-03,-141.4573E-03,+18.9686E-03
-2.4600E-03,-108.7940E-03,+17.3606E-03
-2.4500E-03,-181.6583E-03,+17.2852E-03
-2.4400E-03,-108.7940E-03,+19.5214E-03
-2.4300E-03,-108.7940E-03,+18.1646E-03
-2.4200E-03,-176.6332E-03,+16.5565E-03
-2.4100E-03,-108.7940E-03,+16.6319E-03
-2.4000E-03,-161.5578E-03,+17.6369E-03
-2.3900E-03,-156.5327E-03,+19.4460E-03
-2.3800E-03,-176.6332E-03,+20.7023E-03
-2.3700E-03,-116.3317E-03,+18.0892E-03
-2.3600E-03,-108.7940E-03,+21.9083E-03
-2.3500E-03,-108.7940E-03,+20.2500E-03
-2.3400E-03,-121.3568E-03,+17.3606E-03
-2.3300E-03,-108.7940E-03,+14.9485E-03
-2.3200E-03,-189.1960E-03,+14.6972E-03
-2.3100E-03,-156.5327E-03,+16.0791E-03
-2.3000E-03,-176.6332E-03,+18.8430E-03
-2.2900E-03,-116.3317E-03,+18.2400E-03
-2.2800E-03,-108.7940E-03,+19.4962E-03
-2.2700E-03,-189.1960E-03,+19.4460E-03
-2.2600E-03,-40.9548E-03,+19.7726E-03
-2.2500E-03,-116.3317E-03,+15.0992E-03
-2.2400E-03,-136.4322E-03,+21.1294E-03
-2.2300E-03,-108.7940E-03,+20.5766E-03
-2.2200E-03,-108.7940E-03,+17.2349E-03
-2.2100E-03,-108.7940E-03,+15.8279E-03
-2.2000E-03,-108.7940E-03,+18.1646E-03
-2.1900E-03,-156.5327E-03,+17.5113E-03
-2.1800E-03,-176.6332E-03,+16.5565E-03
-2.1700E-03,-108.7940E-03,+16.5565E-03
-2.1600E-03,-108.7940E-03,+19.2450E-03
-2.1500E-03,-156.5327E-03,+20.9033E-03
-2.1400E-03,-108.7940E-03,+21.2550E-03
-2.1300E-03,-116.3317E-03,+19.6972E-03
-2.1200E-03,-108.7940E-03,+18.1646E-03
-2.1100E-03,-108.7940E-03,+21.3807E-03
-2.1000E-03,-108.7940E-03,+18.0389E-03
-2.0900E-03,-108.7940E-03,+19.6972E-03
-2.0800E-03,-136.4322E-03,+17.0842E-03
-2.0700E-03,-108.7940E-03,+18.1646E-03
-2.0600E-03,-108.7940E-03,+16.6822E-03
-2.0500E-03,-35.9296E-03,+19.7726E-03
-2.0400E-03,-161.5578E-03,+15.4761E-03
-2.0300E-03,-108.7940E-03,+18.1646E-03
-2.0200E-03,-121.3568E-03,+18.2902E-03
-2.0100E-03,-108.7940E-03,+20.5766E-03
-2.0000E-03,-161.5578E-03,+21.6822E-03
-1.9900E-03,-61.0553E-03,+20.2500E-03
-1.9800E-03,-176.6332E-03,+17.3606E-03
-1.9700E-03,-116.3317E-03,+19.0440E-03
-1.9600E-03,-108.7940E-03,+16.5565E-03
-1.9500E-03,-156.5327E-03,+15.2751E-03
-1.9400E-03,-108.7940E-03,+17.3606E-03
-1.9300E-03,-108.7940E-03,+16.4812E-03
-1.9200E-03,-136.4322E-03,+18.9686E-03
-1.9100E-03,-141.4573E-03,+19.2952E-03
-1.9000E-03,-108.7940E-03,+19.0942E-03
-1.8900E-03,-116.3317E-03,+22.1093E-03
-1.8800E-03,-136.4322E-03,+17.6369E-03
-1.8700E-03,-108.7940E-03,+16.2299E-03
-1.8600E-03,-176.6332E-03,+16.5565E-03
-1.8500E-03,-108.7940E-03,+18.1646E-03
-1.8400E-03,-108.7940E-03,+20.0490E-03
-1.8300E-03,-108.7940E-03,+18.6420E-03
-1.8200E-03,-108.7940E-03,+18.1646E-03
-1.8100E-03,-181.6583E-03,+18.9686E-03
-1.8000E-03,-136.4322E-03,+18.1646E-03
-1.7900E-03,-141.4573E-03,+20.5766E-03
-1.7800E-03,-108.7940E-03,+23.7927E-03
-1.7700E-03,-116.3317E-03,+19.0440E-03
-1.7600E-03,-108.7940E-03,+18.9686E-03
-1.7500E-03,-108.7940E-03,+18.8178E-03
-1.7400E-03,-108.7940E-03,+14.1445E-03
-1.7300E-03,-108.7940E-03,+15.0992E-03
-1.7200E-03,-108.7940E-03,+15.2249E-03
-1.7100E-03,-156.5327E-03,+18.4912E-03
-1.7000E-03,-108.7940E-03,+19.0942E-03
-1.6900E-03,-108.7940E-03,+19.6219E-03
-1.6800E-03,-161.5578E-03,+16.8329E-03
-1.6700E-03,-156.5327E-03,+19.1193E-03
-1.6600E-03,-176.6332E-03,+19.8982E-03
-1.6500E-03,-181.6583E-03,+19.6219E-03
-1.6400E-03,-108.7940E-03,+14.9485E-03
-1.6300E-03,-108.7940E-03,+21.3807E-03
-1.6200E-03,-176.6332E-03,+17.3606E-03
-1.6100E-03,-108.7940E-03,+19.6972E-03
-1.6000E-03,-108.7940E-03,+17.6369E-03
-1.5900E-03,-108.7940E-03,+17.3606E-03
-1.5800E-03,-121.3568E-03,+21.9334E-03
-1.5700E-03,-181.6583E-03,+18.1646E-03
-1.5600E-03,-108.7940E-03,+21.3807E-03
-1.5500E-03,-108.7940E-03,+20.5766E-03
-1.5400E-03,-108.7940E-03,+19.0942E-03
-1.5300E-03,-181.6583E-03,+21.4560E-03
-1.5200E-03,-56.0301E-03,+21.6570E-03
-1.5100E-03,-108.7940E-03,+21.8580E-03
-1.5000E-03,-121.3568E-03,+22.1847E-03
-1.4900E-03,-108.7940E-03,+17.4359E-03
-1.4800E-03,-136.4322E-03,+15.7525E-03
-1.4700E-03,-108.7940E-03,+18.1646E-03
-1.4600E-03,-189.1960E-03,+16.4309E-03
-1.4500E-03,-189.1960E-03,+21.3807E-03
-1.4400E-03,-108.7940E-03,+17.6369E-03
-1.4300E-03,-108.7940E-03,+18.9686E-03
-1.4200E-03,-108.7940E-03,+18.1646E-03
-1.4100E-03,-108.7940E-03,+17.5113E-03
-1.4000E-03,-161.5578E-03,+15.4761E-03
-1.3900E-03,-108.7940E-03,+16.0791E-03
-1.3800E-03,-108.7940E-03,+19.6470E-03
-1.3700E-03,-108.7940E-03,+19.7726E-03
-1.3600E-03,-108.7940E-03,+19.7726E-03
-1.3500E-03,-108.7940E-03,+22.6621E-03
-1.3400E-03,-189.1960E-03,+18.4158E-03
-1.3300E-03,-108.7940E-03,+17.2852E-03
-1.3200E-03,-136.4322E-03,+14.9485E-03
-1.3100E-03,-156.5327E-03,+16.2299E-03
-1.3000E-03,-108.7940E-03,+18.0389E-03
-1.2900E-03,-108.7940E-03,+23.7173E-03
-1.2800E-03,-189.1960E-03,+21.9083E-03
-1.2700E-03,-108.7940E-03,+19.7726E-03
-1.2600E-03,-40.9548E-03,+21.9334E-03
-1.2500E-03,-116.3317E-03,+18.8932E-03
-1.2400E-03,-108.7940E-03,+19.7726E-03
-1.2300E-03,-108.7940E-03,+17.8379E-03
-1.2200E-03,-108.7940E-03,+15.7525E-03
-1.2100E-03,-108.7940E-03,+19.7726E-03
-1.2000E-03,-136.4322E-03,+16.0289E-03
-1.1900E-03,-108.7940E-03,+21.0540E-03
-1.1800E-03,-121.3568E-03,+19.7726E-03
-1.1700E-03,-108.7940E-03,+17.4359E-03
-1.1600E-03,-161.5578E-03,+18.7173E-03
-1.1500E-03,-189.1960E-03,+20.7274E-03
-1.1400E-03,-96.2312E-03,+19.7726E-03
-1.1300E-03,-101.2563E-03,+18.2400E-03
-1.1200E-03,-161.5578E-03,+19.5214E-03
-1.1100E-03,-141.4573E-03,+19.4460E-03
-1.1000E-03,-108.7940E-03,+21.3807E-03
-1.0900E-03,-181.6583E-03,+17.4359E-03
-1.0800E-03,-136.4322E-03,+18.6922E-03
-1.0700E-03,-108.7940E-03,+17.3606E-03
-1.0600E-03,-108.7940E-03,+15.8781E-03
-1.0500E-03,-116.3317E-03,+18.2400E-03
-1.0400E-03,-108.7940E-03,+17.8882E-03
-1.0300E-03,-61.0553E-03,+21.0540E-03
-1.0200E-03,-108.7940E-03,+18.9686E-03
-1.0100E-03,-108.7940E-03,+21.3053E-03
-1.0000E-03,-108.7940E-03,+21.3807E-03
-990.0E-06,-108.7940E-03,+18.6420E-03
-980.0E-06,-108.7940E-03,+16.6822E-03
-970.0E-06,-108.7940E-03,+19.6219E-03
-960.0E-06,-161.5578E-03,+19.2450E-03
-950.0E-06,-108.7940E-03,+21.0540E-03
-940.0E-06,-121.3568E-03,+24.0440E-03
-930.0E-06,-108.7940E-03,+19.7726E-03
-920.0E-06,-108.7940E-03,+21.3807E-03
-910.0E-06,-141.4573E-03,+19.4460E-03
-900.0E-06,-108.7940E-03,+20.4510E-03
-890.0E-06,-108.7940E-03,+23.0641E-03
-880.0E-06,-108.7940E-03,+20.3003E-03
-870.0E-06,-108.7940E-03,+19.2952E-03
-860.0E-06,-176.6332E-03,+22.9887E-03
-850.0E-06,-108.7940E-03,+17.4359E-03
-840.0E-06,-108.7940E-03,+17.3606E-03
-830.0E-06,-108.7940E-03,+19.4460E-03
-820.0E-06,-176.6332E-03,+25.4008E-03
-810.0E-06,-108.7940E-03,+22.2601E-03
-800.0E-06,-108.7940E-03,+22.7123E-03
-790.0E-06,-141.4573E-03,+18.9686E-03
-780.0E-06,-108.7940E-03,+17.3606E-03
-770.0E-06,-108.7940E-03,+15.7525E-03
-760.0E-06,-108.7940E-03,+19.4962E-03
-750.0E-06,-174.1206E-03,+20.2500E-03
-740.0E-06,-108.7940E-03,+20.4510E-03
-730.0E-06,-174.1206E-03,+21.3807E-03
-720.0E-06,-108.7940E-03,+19.7977E-03
-710.0E-06,-141.4573E-03,+21.0540E-03
-700.0E-06,-176.6332E-03,+19.7726E-03
-690.0E-06,-189.1960E-03,+18.8932E-03
-680.0E-06,-81.1558E-03,+19.4962E-03
-670.0E-06,-156.5327E-03,+19.7726E-03
-660.0E-06,-96.2312E-03,+19.7726E-03
-650.0E-06,-108.7940E-03,+21.3053E-03
-640.0E-06,-161.5578E-03,+17.8882E-03
-630.0E-06,-108.7940E-03,+20.5766E-03
-620.0E-06,-189.1960E-03,+17.4862E-03
-610.0E-06,-108.7940E-03,+14.2952E-03
-600.0E-06,-108.7940E-03,+15.4761E-03
-590.0E-06,-156.5327E-03,+16.8832E-03
-580.0E-06,-176.6332E-03,+20.4510E-03
-570.0E-06,-181.6583E-03,+18.0892E-03
-560.0E-06,-136.4322E-03,+20.3003E-03
-550.0E-06,-108.7940E-03,+18.1646E-03
-540.0E-06,-108.7940E-03,+17.9133E-03
-530.0E-06,-108.7940E-03,+16.5565E-03
-520.0E-06,-161.5578E-03,+18.9686E-03
-510.0E-06,-108.7940E-03,+17.3606E-03
-500.0E-06,-121.3568E-03,+20.7023E-03
-490.0E-06,-116.3317E-03,+20.6520E-03
-480.0E-06,-108.7940E-03,+18.9686E-03
-470.0E-06,-76.1307E-03,+21.5314E-03
-460.0E-06,-108.7940E-03,+21.3807E-03
-450.0E-06,-108.7940E-03,+21.4560E-03
-440.0E-06,-136.4322E-03,+24.3455E-03
-430.0E-06,-156.5327E-03,+19.4460E-03
-420.0E-06,-108.7940E-03,+19.7726E-03
-410.0E-06,-189.1960E-03,+18.8932E-03
-400.0E-06,-108.7940E-03,+19.7726E-03
-390.0E-06,-156.5327E-03,+18.1646E-03
-380.0E-06,-121.3568E-03,+14.0188E-03
-370.0E-06,-108.7940E-03,+14.9485E-03
-360.0E-06,-108.7940E-03,+15.7525E-03
-350.0E-06,-108.7940E-03,+14.9485E-03
-340.0E-06,-108.7940E-03,+19.0942E-03
-330.0E-06,-101.2563E-03,+17.3606E-03
-320.0E-06,-108.7940E-03,+19.7726E-03
-310.0E-06,-156.5327E-03,+17.8379E-03
-300.0E-06,-108.7940E-03,+19.6470E-03
-290.0E-06,-181.6583E-03,+19.7726E-03
-280.0E-06,-108.7940E-03,+20.8530E-03
-270.0E-06,-108.7940E-03,+17.5113E-03
-260.0E-06,-108.7940E-03,+22.9887E-03
-250.0E-06,-116.3317E-03,+24.5214E-03
-240.0E-06,-83.6683E-03,+23.2651E-03
-230.0E-06,-189.1960E-03,+21.7073E-03
-220.0E-06,-108.7940E-03,+18.1646E-03
-210.0E-06,-108.7940E-03,+18.9686E-03
-200.0E-06,-189.1960E-03,+19.4962E-03
-190.0E-06,-108.7940E-03,+19.7726E-03
-180.0E-06,-108.7940E-03,+18.8430E-03
-170.0E-06,-116.3317E-03,+20.5766E-03
-160.0E-06,-161.5578E-03,+18.4158E-03
-150.0E-06,-156.5327E-03,+20.7274E-03
-140.0E-06,-121.3568E-03,+21.0038E-03
-130.0E-06,-116.3317E-03,+20.5766E-03
-120.0E-06,-108.7940E-03,+18.9686E-03
-110.0E-06,-108.7940E-03,+18.1646E-03
-100.0E-06,-176.6332E-03,+19.8982E-03
-90.0E-06,-181.6583E-03,+21.4560E-03
-80.0E-06,-161.5578E-03,+23.5163E-03
-70.0E-06,-141.4573E-03,+24.1193E-03
-60.0E-06,-108.7940E-03,+22.8631E-03
-50.0E-06,-108.7940E-03,+19.0440E-03
-40.0E-06,-136.4322E-03,+22.1847E-03
-30.0E-06,-156.5327E-03,+23.3153E-03
-20.0E-06,-108.7940E-03,+22.3103E-03
-10.0E-06,-108.7940E-03,+24.5967E-03
-0.0E+00,+1.6047739E+00,+22.1847E-03
+10.0E-06,+4.8761306E+00,+22.5113E-03
+20.0E-06,+4.8635678E+00,+23.2400E-03
+30.0E-06,+4.8032663E+00,+27.0088E-03
+40.0E-06,+4.8761306E+00,+24.8731E-03
+50.0E-06,+4.8434673E+00,+25.2249E-03
+60.0E-06,+4.8082914E+00,+24.5967E-03
+70.0E-06,+4.8685929E+00,+20.5013E-03
+80.0E-06,+4.8761306E+00,+20.5766E-03
+90.0E-06,+4.7957286E+00,+22.5113E-03
+100.0E-06,+4.7957286E+00,+22.0590E-03
+110.0E-06,+4.8761306E+00,+17.3606E-03
+120.0E-06,+4.8233668E+00,+16.3304E-03
+130.0E-06,+4.8761306E+00,+18.9686E-03
+140.0E-06,+4.8082914E+00,+18.1646E-03
+150.0E-06,+4.8685929E+00,+21.3807E-03
+160.0E-06,+4.8761306E+00,+20.3003E-03
+170.0E-06,+4.8761306E+00,+18.9686E-03
+180.0E-06,+4.8082914E+00,+24.7224E-03
+190.0E-06,+4.8685929E+00,+20.5013E-03
+200.0E-06,+4.8484924E+00,+20.3003E-03
+210.0E-06,+4.8283919E+00,+17.3606E-03
+220.0E-06,+4.8082914E+00,+20.5766E-03
+230.0E-06,+4.8032663E+00,+21.3807E-03
+240.0E-06,+4.7957286E+00,+24.5967E-03
+250.0E-06,+4.8761306E+00,+21.3807E-03
+260.0E-06,+4.8761306E+00,+18.9686E-03
+270.0E-06,+4.8685929E+00,+18.9686E-03
+280.0E-06,+4.8233668E+00,+24.0691E-03
+290.0E-06,+4.8283919E+00,+21.2299E-03
+300.0E-06,+4.8635678E+00,+25.4008E-03
+310.0E-06,+4.8685929E+00,+27.7374E-03
+320.0E-06,+4.8484924E+00,+24.5967E-03
+330.0E-06,+4.8761306E+00,+20.0992E-03
+340.0E-06,+4.7957286E+00,+19.0942E-03
+350.0E-06,+4.7957286E+00,+23.7927E-03
+360.0E-06,+4.8761306E+00,+22.1847E-03
+370.0E-06,+4.9238693E+00,+20.0992E-03
+380.0E-06,+4.8761306E+00,+22.9887E-03
+390.0E-06,+4.8032663E+00,+19.8480E-03
+400.0E-06,+4.8761306E+00,+21.1043E-03
+410.0E-06,+4.8283919E+00,+22.6621E-03
+420.0E-06,+4.8761306E+00,+19.6470E-03
+430.0E-06,+4.9414572E+00,+17.2852E-03
+440.0E-06,+4.8761306E+00,+14.1445E-03
+450.0E-06,+4.7957286E+00,+18.9686E-03
+460.0E-06,+4.8761306E+00,+21.5063E-03
+470.0E-06,+4.8761306E+00,+20.5766E-03
+480.0E-06,+4.8761306E+00,+20.5766E-03
+490.0E-06,+4.8434673E+00,+18.6420E-03
+500.0E-06,+4.8635678E+00,+16.5565E-03
+510.0E-06,+4.8761306E+00,+18.8932E-03
+520.0E-06,+4.7957286E+00,+19.7726E-03
+530.0E-06,+4.7957286E+00,+20.9033E-03
+540.0E-06,+4.8761306E+00,+21.3807E-03
+550.0E-06,+4.7957286E+00,+25.3254E-03
+560.0E-06,+4.8484924E+00,+22.4611E-03
+570.0E-06,+4.8434673E+00,+21.3807E-03
+580.0E-06,+4.8635678E+00,+17.4862E-03
+590.0E-06,+4.8032663E+00,+18.9686E-03
+600.0E-06,+4.7680904E+00,+16.5565E-03
+610.0E-06,+4.7957286E+00,+18.3153E-03
+620.0E-06,+4.8635678E+00,+20.3254E-03
+630.0E-06,+4.8761306E+00,+19.7726E-03
+640.0E-06,+4.8484924E+00,+17.8882E-03
+650.0E-06,+4.7957286E+00,+18.1646E-03
+660.0E-06,+4.8635678E+00,+19.7726E-03
+670.0E-06,+4.8761306E+00,+17.2852E-03
+680.0E-06,+4.8761306E+00,+18.7173E-03
+690.0E-06,+4.8283919E+00,+22.9887E-03
+700.0E-06,+4.8761306E+00,+19.8982E-03
+710.0E-06,+4.8761306E+00,+20.5013E-03
+720.0E-06,+4.8761306E+00,+20.5766E-03
+730.0E-06,+4.8761306E+00,+20.5766E-03
+740.0E-06,+4.8208542E+00,+21.9334E-03
+750.0E-06,+4.8685929E+00,+21.3807E-03
+760.0E-06,+4.7957286E+00,+22.7123E-03
+770.0E-06,+4.8283919E+00,+18.9686E-03
+780.0E-06,+4.8761306E+00,+17.2349E-03
+790.0E-06,+4.8685929E+00,+21.4560E-03
+800.0E-06,+4.8761306E+00,+21.1043E-03
+810.0E-06,+4.8761306E+00,+20.5766E-03
+820.0E-06,+4.8082914E+00,+19.7726E-03
+830.0E-06,+4.8761306E+00,+21.3807E-03
+840.0E-06,+4.8233668E+00,+18.9937E-03
+850.0E-06,+4.8434673E+00,+20.5766E-03
+860.0E-06,+4.8761306E+00,+15.7525E-03
+870.0E-06,+4.8685929E+00,+17.2852E-03
+880.0E-06,+4.8761306E+00,+19.4962E-03
+890.0E-06,+4.8434673E+00,+14.9485E-03
+900.0E-06,+4.8082914E+00,+15.7525E-03
+910.0E-06,+4.8761306E+00,+15.6771E-03
+920.0E-06,+4.8761306E+00,+18.9686E-03
+930.0E-06,+4.8283919E+00,+24.5967E-03
+940.0E-06,+4.8761306E+00,+20.7023E-03
+950.0E-06,+4.8761306E+00,+20.5013E-03
+960.0E-06,+4.8233668E+00,+18.1646E-03
+970.0E-06,+4.8434673E+00,+19.9234E-03
+980.0E-06,+4.8761306E+00,+19.7726E-03
+990.0E-06,+4.8032663E+00,+21.4560E-03
+1.0000E-03,+4.7957286E+00,+20.3003E-03
+1.0100E-03,+4.8434673E+00,+18.1646E-03
+1.0200E-03,+4.7957286E+00,+16.9334E-03
+1.0300E-03,+4.7957286E+00,+19.0440E-03
+1.0400E-03,+4.8761306E+00,+20.0239E-03
+1.0500E-03,+4.7957286E+00,+22.5113E-03
+1.0600E-03,+4.8082914E+00,+18.1646E-03
+1.0700E-03,+4.8761306E+00,+14.1445E-03
+1.0800E-03,+4.8484924E+00,+16.5565E-03
+1.0900E-03,+4.8761306E+00,+20.0992E-03
+1.1000E-03,+4.8082914E+00,+21.3807E-03
+1.1100E-03,+4.8032663E+00,+18.2400E-03
+1.1200E-03,+4.7957286E+00,+19.2198E-03
+1.1300E-03,+4.8283919E+00,+22.5113E-03
+1.1400E-03,+4.8635678E+00,+26.0791E-03
+1.1500E-03,+4.8685929E+00,+27.9636E-03
+1.1600E-03,+4.8761306E+00,+24.3204E-03
+1.1700E-03,+4.8283919E+00,+24.1193E-03
+1.1800E-03,+4.8635678E+00,+27.8128E-03
+1.1900E-03,+4.7957286E+00,+23.8681E-03
+1.2000E-03,+4.7957286E+00,+27.5616E-03
+1.2100E-03,+4.8283919E+00,+30.0741E-03
+1.2200E-03,+4.8082914E+00,+31.8329E-03
+1.2300E-03,+4.8761306E+00,+39.0691E-03
+1.2400E-03,+4.8484924E+00,+45.2249E-03
+1.2500E-03,+4.8761306E+00,+48.5415E-03
+1.2600E-03,+4.7957286E+00,+53.6671E-03
+1.2700E-03,+4.8032663E+00,+61.5063E-03
+1.2800E-03,+4.8761306E+00,+65.3254E-03
+1.2900E-03,+4.8761306E+00,+66.7324E-03
+1.3000E-03,+4.8761306E+00,+71.9083E-03
+1.3100E-03,+4.8685929E+00,+73.6420E-03
+1.3200E-03,+4.8761306E+00,+70.9535E-03
+1.3300E-03,+4.8761306E+00,+71.7073E-03
+1.3400E-03,+4.7957286E+00,+75.9284E-03
+1.3500E-03,+4.8761306E+00,+78.5415E-03
+1.3600E-03,+4.8761306E+00,+77.1344E-03
+1.3700E-03,+4.8434673E+00,+72.3606E-03
+1.3800E-03,+4.7957286E+00,+82.3606E-03
+1.3900E-03,+4.7957286E+00,+82.4862E-03
+1.4000E-03,+4.8233668E+00,+86.2299E-03
+1.4100E-03,+4.8434673E+00,+90.5264E-03
+1.4200E-03,+4.7957286E+00,+92.0088E-03
+1.4300E-03,+4.8761306E+00,+91.3304E-03
+1.4400E-03,+4.8484924E+00,+81.6822E-03
+1.4500E-03,+4.7957286E+00,+81.2048E-03
+1.4600E-03,+4.7957286E+00,+87.1847E-03
+1.4700E-03,+4.8032663E+00,+95.2751E-03
+1.4800E-03,+4.8233668E+00,+96.9585E-03
+1.4900E-03,+4.8434673E+00,+98.5666E-03
+1.5000E-03,+4.8761306E+00,+93.6168E-03
+1.5100E-03,+4.8761306E+00,+95.2751E-03
+1.5200E-03,+4.7957286E+00,+104.9987E-03
+1.5300E-03,+4.8283919E+00,+96.8078E-03
+1.5400E-03,+4.8635678E+00,+95.3505E-03
+1.5500E-03,+4.8761306E+00,+94.6219E-03
+1.5600E-03,+4.8761306E+00,+88.3907E-03
+1.5700E-03,+4.8761306E+00,+85.2249E-03
+1.5800E-03,+4.7957286E+00,+88.1143E-03
+1.5900E-03,+4.7957286E+00,+94.3957E-03
+1.6000E-03,+4.8761306E+00,+93.7425E-03
+1.6100E-03,+4.7957286E+00,+93.8932E-03
+1.6200E-03,+4.8761306E+00,+96.2802E-03
+1.6300E-03,+4.8032663E+00,+96.3053E-03
+1.6400E-03,+4.8233668E+00,+93.9937E-03
+1.6500E-03,+4.8761306E+00,+92.6118E-03
+1.6600E-03,+4.7957286E+00,+87.1847E-03
+1.6700E-03,+4.8032663E+00,+95.2751E-03
+1.6800E-03,+4.8233668E+00,+93.2148E-03
+1.6900E-03,+4.8434673E+00,+85.7023E-03
+1.7000E-03,+4.8082914E+00,+83.4158E-03
+1.7100E-03,+4.8761306E+00,+88.8430E-03
+1.7200E-03,+4.8761306E+00,+88.6420E-03
+1.7300E-03,+4.8761306E+00,+84.0942E-03
+1.7400E-03,+4.8761306E+00,+90.0239E-03
+1.7500E-03,+4.8685929E+00,+85.0490E-03
+1.7600E-03,+4.8761306E+00,+96.1545E-03
+1.7700E-03,+4.8283919E+00,+89.2450E-03
+1.7800E-03,+4.7957286E+00,+87.9887E-03
+1.7900E-03,+4.8761306E+00,+92.2852E-03
+1.8000E-03,+4.8761306E+00,+92.4108E-03
+1.8100E-03,+4.8434673E+00,+88.4410E-03
+1.8200E-03,+4.8635678E+00,+86.2550E-03
+1.8300E-03,+4.7957286E+00,+93.0138E-03
+1.8400E-03,+4.8761306E+00,+92.9384E-03
+1.8500E-03,+4.8761306E+00,+85.7023E-03
+1.8600E-03,+4.8082914E+00,+85.8279E-03
+1.8700E-03,+4.7957286E+00,+84.0942E-03
+1.8800E-03,+4.8233668E+00,+86.2299E-03
+1.8900E-03,+4.8761306E+00,+87.4862E-03
+1.9000E-03,+4.8761306E+00,+89.5967E-03
+1.9100E-03,+4.8032663E+00,+91.4812E-03
+1.9200E-03,+4.8761306E+00,+89.9736E-03
+1.9300E-03,+4.8283919E+00,+88.2651E-03
+1.9400E-03,+4.8082914E+00,+85.0239E-03
+1.9500E-03,+4.8685929E+00,+82.5616E-03
+1.9600E-03,+4.7957286E+00,+86.2299E-03
+1.9700E-03,+4.7957286E+00,+82.0088E-03
+1.9800E-03,+4.7957286E+00,+84.7726E-03
+1.9900E-03,+4.8032663E+00,+94.6219E-03
+2.0000E-03,+4.8761306E+00,+92.6872E-03
+2.0100E-03,+4.8434673E+00,+97.7626E-03
+2.0200E-03,+4.8761306E+00,+89.9736E-03
+2.0300E-03,+4.8761306E+00,+87.1595E-03
+2.0400E-03,+4.8233668E+00,+83.8178E-03
+2.0500E-03,+4.8283919E+00,+84.4209E-03
+2.0600E-03,+4.8635678E+00,+88.2399E-03
+2.0700E-03,+4.8685929E+00,+91.4058E-03
+2.0800E-03,+4.8761306E+00,+87.8631E-03
+2.0900E-03,+4.8761306E+00,+87.3103E-03
+2.1000E-03,+4.8082914E+00,+95.2249E-03
+2.1100E-03,+4.8761306E+00,+89.7977E-03
+2.1200E-03,+4.8761306E+00,+89.4711E-03
+2.1300E-03,+4.7957286E+00,+89.0942E-03
+2.1400E-03,+4.7957286E+00,+84.8982E-03
+2.1500E-03,+4.8685929E+00,+86.5063E-03
+2.1600E-03,+4.8233668E+00,+85.7023E-03
+2.1700E-03,+4.8761306E+00,+82.4862E-03
+2.1800E-03,+4.8761306E+00,+81.0038E-03
+2.1900E-03,+4.7957286E+00,+89.7224E-03
+2.2000E-03,+4.8484924E+00,+95.6269E-03
+2.2100E-03,+4.8283919E+00,+88.9183E-03
+2.2200E-03,+4.7957286E+00,+89.7224E-03
+2.2300E-03,+4.8685929E+00,+90.0239E-03
+2.2400E-03,+4.8233668E+00,+90.5264E-03
+2.2500E-03,+4.8283919E+00,+95.6771E-03
+2.2600E-03,+4.8635678E+00,+89.7224E-03
+2.2700E-03,+4.8032663E+00,+85.5515E-03
+2.2800E-03,+4.7957286E+00,+85.4510E-03
+2.2900E-03,+4.8283919E+00,+83.6168E-03
+2.3000E-03,+4.8761306E+00,+87.0590E-03
+2.3100E-03,+4.8685929E+00,+86.5817E-03
+2.3200E-03,+4.7957286E+00,+81.6822E-03
+2.3300E-03,+4.8283919E+00,+82.0088E-03
+2.3400E-03,+4.8761306E+00,+79.9485E-03
+2.3500E-03,+4.8032663E+00,+81.5314E-03
+2.3600E-03,+4.8484924E+00,+81.6822E-03
+2.3700E-03,+4.8283919E+00,+81.8329E-03
+2.3800E-03,+4.8635678E+00,+79.0188E-03
+2.3900E-03,+4.8761306E+00,+84.0188E-03
+2.4000E-03,+4.7957286E+00,+81.9585E-03
+2.4100E-03,+4.8283919E+00,+78.3153E-03
+2.4200E-03,+4.8082914E+00,+90.4008E-03
+2.4300E-03,+4.8685929E+00,+87.2349E-03
+2.4400E-03,+4.8484924E+00,+87.8631E-03
+2.4500E-03,+4.8283919E+00,+82.0088E-03
+2.4600E-03,+4.7957286E+00,+82.4862E-03
+2.4700E-03,+4.8685929E+00,+82.4862E-03
+2.4800E-03,+4.7957286E+00,+88.6420E-03
+2.4900E-03,+4.8283919E+00,+79.2701E-03
+2.5000E-03,+4.7957286E+00,+81.9334E-03
+2.5100E-03,+4.8685929E+00,+85.6269E-03
+2.5200E-03,+4.8484924E+00,+84.3455E-03
+2.5300E-03,+4.8434673E+00,+84.4209E-03
+2.5400E-03,+4.8761306E+00,+81.6822E-03
+2.5500E-03,+4.8761306E+00,+84.8229E-03
+2.5600E-03,+4.8484924E+00,+81.6822E-03
+2.5700E-03,+4.8434673E+00,+89.7224E-03
+2.5800E-03,+4.8761306E+00,+86.6319E-03
+2.5900E-03,+4.7957286E+00,+88.0389E-03
+2.6000E-03,+4.8484924E+00,+90.2500E-03
+2.6100E-03,+4.8761306E+00,+89.5716E-03
+2.6200E-03,+4.8082914E+00,+83.2902E-03
+2.6300E-03,+4.8032663E+00,+72.0339E-03
+2.6400E-03,+4.7957286E+00,+75.8028E-03
+2.6500E-03,+4.8283919E+00,+73.9686E-03
+2.6600E-03,+4.8082914E+00,+77.6621E-03
+2.6700E-03,+4.8761306E+00,+84.0188E-03
+2.6800E-03,+4.8233668E+00,+81.9585E-03
+2.6900E-03,+4.7957286E+00,+79.7475E-03
+2.7000E-03,+4.8761306E+00,+84.5214E-03
+2.7100E-03,+4.8685929E+00,+84.9736E-03
+2.7200E-03,+4.7957286E+00,+81.7073E-03
+2.7300E-03,+4.8434673E+00,+87.4611E-03
+2.7400E-03,+4.8082914E+00,+85.1495E-03
+2.7500E-03,+4.8032663E+00,+89.6470E-03
+2.7600E-03,+4.8233668E+00,+91.8580E-03
+2.7700E-03,+4.9087939E+00,+91.3304E-03
+2.7800E-03,+4.8082914E+00,+89.0440E-03
+2.7900E-03,+4.8685929E+00,+88.1143E-03
+2.8000E-03,+4.8484924E+00,+80.3505E-03
+2.8100E-03,+4.8434673E+00,+81.9837E-03
+2.8200E-03,+4.8761306E+00,+82.3606E-03
+2.8300E-03,+4.8761306E+00,+77.8128E-03
+2.8400E-03,+4.7957286E+00,+80.0992E-03
+2.8500E-03,+4.8283919E+00,+85.0490E-03
+2.8600E-03,+4.8082914E+00,+79.2701E-03
+2.8700E-03,+4.8761306E+00,+82.4862E-03
+2.8800E-03,+4.7957286E+00,+83.0138E-03
+2.8900E-03,+4.7957286E+00,+81.8329E-03
+2.9000E-03,+4.8761306E+00,+80.7525E-03
+2.9100E-03,+4.7957286E+00,+86.4309E-03
+2.9200E-03,+4.8484924E+00,+77.4108E-03
+2.9300E-03,+4.7957286E+00,+82.1595E-03
+2.9400E-03,+4.8761306E+00,+83.4158E-03
+2.9500E-03,+4.8685929E+00,+86.3555E-03
+2.9600E-03,+4.8484924E+00,+83.8430E-03
+2.9700E-03,+4.9087939E+00,+82.8128E-03
+2.9800E-03,+4.8208542E+00,+79.3957E-03
+2.9900E-03,+4.8761306E+00,+83.2148E-03
+3.0000E-03,+4.7957286E+00,+75.7776E-03
+3.0100E-03,+4.8761306E+00,+81.6822E-03
+3.0200E-03,+4.7957286E+00,+83.1646E-03
+3.0300E-03,+4.8032663E+00,+80.0741E-03
+3.0400E-03,+4.8761306E+00,+81.6822E-03
+3.0500E-03,+4.8761306E+00,+83.2902E-03
+3.0600E-03,+4.8082914E+00,+82.3606E-03
+3.0700E-03,+4.8685929E+00,+74.4460E-03
+3.0800E-03,+4.8233668E+00,+86.2299E-03
+3.0900E-03,+4.8761306E+00,+87.7877E-03
+3.1000E-03,+4.8082914E+00,+83.4158E-03
+3.1100E-03,+4.8761306E+00,+80.0741E-03
+3.1200E-03,+4.8484924E+00,+85.9786E-03
+3.1300E-03,+4.8761306E+00,+81.6822E-03
+3.1400E-03,+4.8761306E+00,+85.8279E-03
+3.1500E-03,+4.8032663E+00,+80.1495E-03
+3.1600E-03,+4.8233668E+00,+80.8781E-03
+3.1700E-03,+4.8283919E+00,+77.9887E-03
+3.1800E-03,+4.8082914E+00,+79.2701E-03
+3.1900E-03,+4.8032663E+00,+78.3153E-03
+3.2000E-03,+4.8761306E+00,+81.1545E-03
+3.2100E-03,+4.8761306E+00,+81.0289E-03
+3.2200E-03,+4.8761306E+00,+80.1997E-03
+3.2300E-03,+4.7957286E+00,+78.4661E-03
+3.2400E-03,+4.8233668E+00,+77.1344E-03
+3.2500E-03,+4.8761306E+00,+74.4460E-03
+3.2600E-03,+4.8635678E+00,+74.3204E-03
+3.2700E-03,+4.7957286E+00,+75.2500E-03
+3.2800E-03,+4.8233668E+00,+76.8580E-03
+3.2900E-03,+4.8283919E+00,+77.1847E-03
+3.3000E-03,+4.8635678E+00,+79.1445E-03
+3.3100E-03,+4.8685929E+00,+75.1746E-03
+3.3200E-03,+4.8233668E+00,+77.9384E-03
+3.3300E-03,+4.7806532E+00,+80.5515E-03
+3.3400E-03,+4.8082914E+00,+80.1997E-03
+3.3500E-03,+4.7957286E+00,+84.8982E-03
+3.3600E-03,+4.8233668E+00,+81.1545E-03
+3.3700E-03,+4.8434673E+00,+76.0540E-03
+3.3800E-03,+4.7957286E+00,+80.0741E-03
+3.3900E-03,+4.8032663E+00,+77.0088E-03
+3.4000E-03,+4.8761306E+00,+73.3656E-03
+3.4100E-03,+4.7957286E+00,+77.6621E-03
+3.4200E-03,+4.7957286E+00,+78.4661E-03
+3.4300E-03,+4.7957286E+00,+78.4661E-03
+3.4400E-03,+4.8761306E+00,+78.7173E-03
+3.4500E-03,+4.7957286E+00,+83.1394E-03
+3.4600E-03,+4.8082914E+00,+77.7877E-03
+3.4700E-03,+4.7957286E+00,+77.8128E-03
+3.4800E-03,+4.8484924E+00,+77.9384E-03
+3.4900E-03,+4.8283919E+00,+75.2500E-03
+3.5000E-03,+4.8761306E+00,+71.4812E-03
+3.5100E-03,+4.8761306E+00,+74.4460E-03
+3.5200E-03,+4.8233668E+00,+77.4108E-03
+3.5300E-03,+4.8434673E+00,+75.7274E-03
+3.5400E-03,+4.8635678E+00,+72.9636E-03
+3.5500E-03,+4.8685929E+00,+68.7425E-03
+3.5600E-03,+4.7957286E+00,+76.5817E-03
+3.5700E-03,+4.7957286E+00,+72.0339E-03
+3.5800E-03,+4.8761306E+00,+76.7324E-03
+3.5900E-03,+4.8032663E+00,+74.4460E-03
+3.6000E-03,+4.8233668E+00,+72.0339E-03
+3.6100E-03,+4.8283919E+00,+78.1394E-03
+3.6200E-03,+4.8635678E+00,+75.2500E-03
+3.6300E-03,+4.7957286E+00,+79.0440E-03
+3.6400E-03,+4.8761306E+00,+74.1696E-03
+3.6500E-03,+4.8761306E+00,+75.2500E-03
+3.6600E-03,+4.8761306E+00,+74.3204E-03
+3.6700E-03,+4.8685929E+00,+76.8580E-03
+3.6800E-03,+4.8233668E+00,+72.8379E-03
+3.6900E-03,+4.7957286E+00,+72.5113E-03
+3.7000E-03,+4.8761306E+00,+72.1595E-03
+3.7100E-03,+4.8685929E+00,+80.8781E-03
+3.7200E-03,+4.7957286E+00,+75.5264E-03
+3.7300E-03,+4.8761306E+00,+76.0540E-03
+3.7400E-03,+4.8635678E+00,+79.0188E-03
+3.7500E-03,+4.8032663E+00,+78.5415E-03
+3.7600E-03,+4.8233668E+00,+81.6822E-03
+3.7700E-03,+4.7957286E+00,+77.3354E-03
+3.7800E-03,+4.8635678E+00,+74.1947E-03
+3.7900E-03,+4.8032663E+00,+75.3254E-03
+3.8000E-03,+4.8233668E+00,+76.6068E-03
+3.8100E-03,+4.8283919E+00,+70.4259E-03
+3.8200E-03,+4.8761306E+00,+72.5867E-03
+3.8300E-03,+4.8685929E+00,+73.6420E-03
+3.8400E-03,+4.8484924E+00,+76.0540E-03
+3.8500E-03,+4.7957286E+00,+73.6420E-03
+3.8600E-03,+4.8761306E+00,+74.4460E-03
+3.8700E-03,+4.8685929E+00,+72.8379E-03
+3.8800E-03,+4.8761306E+00,+70.4259E-03
+3.8900E-03,+4.8761306E+00,+73.9686E-03
+3.9000E-03,+4.8761306E+00,+72.0339E-03
+3.9100E-03,+4.8685929E+00,+66.3304E-03
+3.9200E-03,+4.7957286E+00,+65.6018E-03
+3.9300E-03,+4.8434673E+00,+70.5766E-03
+3.9400E-03,+4.8635678E+00,+73.7676E-03
+3.9500E-03,+4.8761306E+00,+75.2500E-03
+3.9600E-03,+4.7957286E+00,+72.8379E-03
+3.9700E-03,+4.7957286E+00,+70.4259E-03
+3.9800E-03,+4.7957286E+00,+76.1796E-03
+3.9900E-03,+4.7957286E+00,+75.9786E-03
+4.0000E-03,+4.8761306E+00,+77.9384E-03
+4.0100E-03,+4.7957286E+00,+81.2048E-03
+4.0200E-03,+4.7957286E+00,+76.1796E-03
+4.0300E-03,+4.8685929E+00,+76.7827E-03
+4.0400E-03,+4.7957286E+00,+72.0339E-03
+4.0500E-03,+4.9087939E+00,+73.6420E-03
+4.0600E-03,+4.7957286E+00,+71.1043E-03
+4.0700E-03,+4.8685929E+00,+70.5766E-03
+4.0800E-03,+4.8484924E+00,+73.1143E-03
+4.0900E-03,+4.8761306E+00,+74.4460E-03
+4.1000E-03,+4.7957286E+00,+74.3204E-03
+4.1100E-03,+4.7957286E+00,+75.0992E-03
+4.1200E-03,+4.8233668E+00,+69.6219E-03
+4.1300E-03,+4.8761306E+00,+70.4259E-03
+4.1400E-03,+4.8761306E+00,+70.5515E-03
+4.1500E-03,+4.8685929E+00,+69.6219E-03
+4.1600E-03,+4.8484924E+00,+66.6822E-03
+4.1700E-03,+4.7957286E+00,+69.9485E-03
+4.1800E-03,+4.8635678E+00,+71.2299E-03
+4.1900E-03,+4.8761306E+00,+72.7626E-03
+4.2000E-03,+4.8233668E+00,+69.3455E-03
+4.2100E-03,+4.8283919E+00,+68.8178E-03
+4.2200E-03,+4.8635678E+00,+73.6420E-03
+4.2300E-03,+4.7957286E+00,+68.8178E-03
+4.2400E-03,+4.7957286E+00,+70.1495E-03
+4.2500E-03,+4.8434673E+00,+67.5364E-03
+4.2600E-03,+4.8635678E+00,+68.5666E-03
+4.2700E-03,+4.7957286E+00,+73.5666E-03
+4.2800E-03,+4.7957286E+00,+69.3455E-03
+4.2900E-03,+4.8761306E+00,+69.7726E-03
+4.3000E-03,+4.8635678E+00,+68.9435E-03
+4.3100E-03,+4.8761306E+00,+70.3505E-03
+4.3200E-03,+4.7957286E+00,+73.9183E-03
+4.3300E-03,+4.8434673E+00,+68.6671E-03
+4.3400E-03,+4.8761306E+00,+67.7626E-03
+4.3500E-03,+4.7957286E+00,+71.0791E-03
+4.3600E-03,+4.7957286E+00,+68.0138E-03
+4.3700E-03,+4.8761306E+00,+69.9485E-03
+4.3800E-03,+4.8761306E+00,+68.9435E-03
+4.3900E-03,+4.7957286E+00,+75.2500E-03
+4.4000E-03,+4.8484924E+00,+72.0339E-03
+4.4100E-03,+4.8761306E+00,+73.6420E-03
+4.4200E-03,+4.7957286E+00,+75.2500E-03
+4.4300E-03,+4.8685929E+00,+74.3706E-03
+4.4400E-03,+4.8233668E+00,+78.9937E-03
+4.4500E-03,+4.8283919E+00,+83.2902E-03
+4.4600E-03,+4.8082914E+00,+74.3204E-03
+4.4700E-03,+4.8685929E+00,+71.1545E-03
+4.4800E-03,+4.8484924E+00,+64.5214E-03
+4.4900E-03,+4.8761306E+00,+67.5364E-03
+4.5000E-03,+4.8761306E+00,+69.6219E-03
+4.5100E-03,+4.8685929E+00,+70.4259E-03
+4.5200E-03,+4.7957286E+00,+75.2500E-03
+4.5300E-03,+4.7957286E+00,+73.1646E-03
+4.5400E-03,+4.7957286E+00,+75.2500E-03
+4.5500E-03,+4.8761306E+00,+69.6219E-03
+4.5600E-03,+4.8233668E+00,+64.2701E-03
+4.5700E-03,+4.7957286E+00,+65.2751E-03
+4.5800E-03,+4.8761306E+00,+72.0339E-03
+4.5900E-03,+4.8761306E+00,+74.4460E-03
+4.6000E-03,+4.8233668E+00,+68.8178E-03
+4.6100E-03,+4.8761306E+00,+70.2751E-03
+4.6200E-03,+4.8761306E+00,+69.6219E-03
+4.6300E-03,+4.7957286E+00,+70.3505E-03
+4.6400E-03,+4.8761306E+00,+67.9887E-03
+4.6500E-03,+4.7957286E+00,+68.0138E-03
+4.6600E-03,+4.8082914E+00,+69.0691E-03
+4.6700E-03,+4.8761306E+00,+67.8631E-03
+4.6800E-03,+4.8484924E+00,+68.2651E-03
+4.6900E-03,+4.8761306E+00,+64.7977E-03
+4.7000E-03,+4.8082914E+00,+65.2249E-03
+4.7100E-03,+4.8685929E+00,+68.8932E-03
+4.7200E-03,+4.7957286E+00,+68.0138E-03
+4.7300E-03,+4.8761306E+00,+69.6219E-03
+4.7400E-03,+4.8082914E+00,+66.2802E-03
+4.7500E-03,+4.7957286E+00,+64.7977E-03
+4.7600E-03,+4.8233668E+00,+69.0691E-03
+4.7700E-03,+4.8283919E+00,+68.0138E-03
+4.7800E-03,+4.8635678E+00,+67.2098E-03
+4.7900E-03,+4.8685929E+00,+72.2601E-03
+4.8000E-03,+4.8233668E+00,+70.6771E-03
+4.8100E-03,+4.8761306E+00,+68.0138E-03
+4.8200E-03,+4.8635678E+00,+67.4611E-03
+4.8300E-03,+4.8761306E+00,+71.2299E-03
+4.8400E-03,+4.8233668E+00,+67.2098E-03
+4.8500E-03,+4.8761306E+00,+71.5565E-03
+4.8600E-03,+4.8761306E+00,+70.6771E-03
+4.8700E-03,+4.8761306E+00,+70.3505E-03
+4.8800E-03,+4.8761306E+00,+70.6771E-03
+4.8900E-03,+4.8761306E+00,+66.0791E-03
+4.9000E-03,+4.7957286E+00,+69.6219E-03
+4.9100E-03,+4.8032663E+00,+72.0339E-03
+4.9200E-03,+4.8484924E+00,+69.3706E-03
+4.9300E-03,+4.8283919E+00,+73.9686E-03
+4.9400E-03,+4.7957286E+00,+65.7274E-03
+4.9500E-03,+4.8685929E+00,+64.8731E-03
+4.9600E-03,+4.8233668E+00,+65.6018E-03
+4.9700E-03,+4.8761306E+00,+69.9485E-03
+4.9800E-03,+4.8761306E+00,+71.3555E-03
+4.9900E-03,+4.8685929E+00,+72.9133E-03
+5.0000E-03,-108.7940E-03,+73.6420E-03
+5.0100E-03,-108.7940E-03,+62.8631E-03
+5.0200E-03,-108.7940E-03,+49.6470E-03
+5.0300E-03,-108.7940E-03,+38.1897E-03
+5.0400E-03,-136.4322E-03,+27.0088E-03
+5.0500E-03,-108.7940E-03,+23.1394E-03
+5.0600E-03,-108.7940E-03,+22.1847E-03
+5.0700E-03,-108.7940E-03,+18.8932E-03
+5.0800E-03,-136.4322E-03,+18.9686E-03
+5.0900E-03,-141.4573E-03,+14.4711E-03
+5.1000E-03,-108.7940E-03,+16.5565E-03
+5.1100E-03,-116.3317E-03,+14.9485E-03
+5.1200E-03,-161.5578E-03,+14.9485E-03
+5.1300E-03,-156.5327E-03,+14.9485E-03
+5.1400E-03,-121.3568E-03,+17.2349E-03
+5.1500E-03,-108.7940E-03,+14.9485E-03
+5.1600E-03,-108.7940E-03,+13.8681E-03
+5.1700E-03,-189.1960E-03,+16.0791E-03
+5.1800E-03,-108.7940E-03,+13.2148E-03
+5.1900E-03,-116.3317E-03,+15.0239E-03
+5.2000E-03,-108.7940E-03,+16.5565E-03
+5.2100E-03,-156.5327E-03,+17.6872E-03
+5.2200E-03,-108.7940E-03,+13.4661E-03
+5.2300E-03,-108.7940E-03,+13.3405E-03
+5.2400E-03,-108.7940E-03,+11.7324E-03
+5.2500E-03,-189.1960E-03,+10.4510E-03
+5.2600E-03,-176.6332E-03,+11.7324E-03
+5.2700E-03,-189.1960E-03,+14.0691E-03
+5.2800E-03,-108.7940E-03,+13.3405E-03
+5.2900E-03,-141.4573E-03,+12.0590E-03
+5.3000E-03,-108.7940E-03,+13.3405E-03
+5.3100E-03,-116.3317E-03,+18.1646E-03
+5.3200E-03,-161.5578E-03,+16.2802E-03
+5.3300E-03,-108.7940E-03,+14.4711E-03
+5.3400E-03,-176.6332E-03,+14.8229E-03
+5.3500E-03,-108.7940E-03,+14.0691E-03
+5.3600E-03,-136.4322E-03,+12.5364E-03
+5.3700E-03,-108.7940E-03,+13.1897E-03
+5.3800E-03,-108.7940E-03,+13.2148E-03
+5.3900E-03,-108.7940E-03,+13.4158E-03
+5.4000E-03,-161.5578E-03,+16.0289E-03
+5.4100E-03,-141.4573E-03,+12.2098E-03
+5.4200E-03,-189.1960E-03,+10.9284E-03
+5.4300E-03,-181.6583E-03,+13.3405E-03
+5.4400E-03,-108.7940E-03,+12.0088E-03
+5.4500E-03,-141.4573E-03,+10.9284E-03
+5.4600E-03,-108.7940E-03,+13.3405E-03
+5.4700E-03,-108.7940E-03,+13.3405E-03
+5.4800E-03,-108.7940E-03,+13.3405E-03
+5.4900E-03,-76.1307E-03,+11.4058E-03
+5.5000E-03,-176.6332E-03,+16.5565E-03
+5.5100E-03,-108.7940E-03,+17.2852E-03
+5.5200E-03,-136.4322E-03,+16.2802E-03
+5.5300E-03,-108.7940E-03,+16.5565E-03
+5.5400E-03,-164.0703E-03,+14.9485E-03
+5.5500E-03,-116.3317E-03,+13.2651E-03
+5.5600E-03,-161.5578E-03,+14.4209E-03
+5.5700E-03,-141.4573E-03,+12.6872E-03
+5.5800E-03,-176.6332E-03,+13.3405E-03
+5.5900E-03,-35.9296E-03,+16.4058E-03
+5.6000E-03,-108.7940E-03,+15.7525E-03
+5.6100E-03,-76.1307E-03,+13.3405E-03
+5.6200E-03,-121.3568E-03,+12.6621E-03
+5.6300E-03,-108.7940E-03,+13.4158E-03
+5.6400E-03,-189.1960E-03,+11.7324E-03
+5.6500E-03,-123.8693E-03,+12.5364E-03
+5.6600E-03,-121.3568E-03,+15.6269E-03
+5.6700E-03,-181.6583E-03,+13.4158E-03
+5.6800E-03,-108.7940E-03,+12.8128E-03
+5.6900E-03,-141.4573E-03,+12.5364E-03
+5.7000E-03,-121.3568E-03,+11.7324E-03
+5.7100E-03,-189.1960E-03,+10.9284E-03
+5.7200E-03,-108.7940E-03,+14.9485E-03
+5.7300E-03,-141.4573E-03,+11.7324E-03
+5.7400E-03,-121.3568E-03,+12.5364E-03
+5.7500E-03,-116.3317E-03,+12.4611E-03
+5.7600E-03,-108.7940E-03,+13.6168E-03
+5.7700E-03,-108.7940E-03,+12.8631E-03
+5.7800E-03,-108.7940E-03,+13.4661E-03
+5.7900E-03,-108.7940E-03,+14.2198E-03
+5.8000E-03,-108.7940E-03,+13.3405E-03
+5.8100E-03,-156.5327E-03,+13.3405E-03
+5.8200E-03,-108.7940E-03,+17.3606E-03
+5.8300E-03,-108.7940E-03,+14.1445E-03
+5.8400E-03,-108.7940E-03,+12.8128E-03
+5.8500E-03,-108.7940E-03,+13.1897E-03
+5.8600E-03,-176.6332E-03,+13.3405E-03
+5.8700E-03,-116.3317E-03,+10.8530E-03
+5.8800E-03,-108.7940E-03,+12.5364E-03
+5.8900E-03,-189.1960E-03,+13.1897E-03
+5.9000E-03,-176.6332E-03,+14.9485E-03
+5.9100E-03,-116.3317E-03,+13.3405E-03
+5.9200E-03,-108.7940E-03,+12.5364E-03
+5.9300E-03,-108.7940E-03,+12.2098E-03
+5.9400E-03,-121.3568E-03,+12.5364E-03
+5.9500E-03,-116.3317E-03,+13.3405E-03
+5.9600E-03,-108.7940E-03,+12.2601E-03
+5.9700E-03,-156.5327E-03,+16.0791E-03
+5.9800E-03,-176.6332E-03,+14.2701E-03
+5.9900E-03,-181.6583E-03,+14.2198E-03
+6.0000E-03,-108.7940E-03,+12.5364E-03
+6.0100E-03,-108.7940E-03,+12.2098E-03
+6.0200E-03,-121.3568E-03,+16.5565E-03
+6.0300E-03,-108.7940E-03,+14.2198E-03
+6.0400E-03,-108.7940E-03,+17.3606E-03
+6.0500E-03,-189.1960E-03,+14.9485E-03
+6.0600E-03,-164.0703E-03,+12.6621E-03
+6.0700E-03,-108.7940E-03,+14.0691E-03
+6.0800E-03,-108.7940E-03,+12.5364E-03
+6.0900E-03,-108.7940E-03,+12.8631E-03
+6.1000E-03,-176.6332E-03,+14.0188E-03
+6.1100E-03,-108.7940E-03,+15.0239E-03
+6.1200E-03,-136.4322E-03,+11.7324E-03
+6.1300E-03,-108.7940E-03,+12.0590E-03
+6.1400E-03,-121.3568E-03,+15.7525E-03
+6.1500E-03,-108.7940E-03,+16.5565E-03
+6.1600E-03,-108.7940E-03,+17.6369E-03
+6.1700E-03,-108.7940E-03,+17.3606E-03
+6.1800E-03,-176.6332E-03,+14.1445E-03
+6.1900E-03,-189.1960E-03,+12.5364E-03
+6.2000E-03,-81.1558E-03,+10.6520E-03
+6.2100E-03,-141.4573E-03,+12.2098E-03
+6.2200E-03,-121.3568E-03,+13.3405E-03
+6.2300E-03,-108.7940E-03,+13.3405E-03
+6.2400E-03,-108.7940E-03,+14.4209E-03
+6.2500E-03,-156.5327E-03,+14.1445E-03
+6.2600E-03,-108.7940E-03,+13.2148E-03
+6.2700E-03,-181.6583E-03,+15.6771E-03
+6.2800E-03,-136.4322E-03,+17.0842E-03
+6.2900E-03,-108.7940E-03,+17.8379E-03
+6.3000E-03,-121.3568E-03,+17.2349E-03
+6.3100E-03,-181.6583E-03,+13.3405E-03
+6.3200E-03,-108.7940E-03,+11.7324E-03
+6.3300E-03,-141.4573E-03,+12.5364E-03
+6.3400E-03,-108.7940E-03,+11.8580E-03
+6.3500E-03,-108.7940E-03,+15.7525E-03
+6.3600E-03,-108.7940E-03,+17.0842E-03
+6.3700E-03,-141.4573E-03,+14.9485E-03
+6.3800E-03,-176.6332E-03,+13.3405E-03
+6.3900E-03,-108.7940E-03,+13.3405E-03
+6.4000E-03,-136.4322E-03,+11.4560E-03
+6.4100E-03,-141.4573E-03,+12.8631E-03
+6.4200E-03,-108.7940E-03,+14.1445E-03
+6.4300E-03,-108.7940E-03,+13.2651E-03
+6.4400E-03,-189.1960E-03,+14.9485E-03
+6.4500E-03,-108.7940E-03,+13.6671E-03
+6.4600E-03,-176.6332E-03,+14.1445E-03
+6.4700E-03,-116.3317E-03,+14.1445E-03
+6.4800E-03,-136.4322E-03,+14.1445E-03
+6.4900E-03,-141.4573E-03,+14.4711E-03
+6.5000E-03,-176.6332E-03,+17.2349E-03
+6.5100E-03,-181.6583E-03,+15.0992E-03
+6.5200E-03,-136.4322E-03,+14.1445E-03
+6.5300E-03,-141.4573E-03,+13.3405E-03
+6.5400E-03,-176.6332E-03,+11.0540E-03
+6.5500E-03,-181.6583E-03,+15.7525E-03
+6.5600E-03,-108.7940E-03,+15.4761E-03
+6.5700E-03,-156.5327E-03,+17.5113E-03
+6.5800E-03,-108.7940E-03,+16.6822E-03
+6.5900E-03,-181.6583E-03,+13.3405E-03
+6.6000E-03,-108.7940E-03,+11.7324E-03
+6.6100E-03,-76.1307E-03,+17.3606E-03
+6.6200E-03,-176.6332E-03,+14.2701E-03
+6.6300E-03,-108.7940E-03,+13.3405E-03
+6.6400E-03,-136.4322E-03,+13.3405E-03
+6.6500E-03,-108.7940E-03,+14.1445E-03
+6.6600E-03,-189.1960E-03,+14.8229E-03
+6.6700E-03,-108.7940E-03,+14.8731E-03
+6.6800E-03,-108.7940E-03,+14.4209E-03
+6.6900E-03,-141.4573E-03,+14.9485E-03
+6.7000E-03,-189.1960E-03,+13.4661E-03
+6.7100E-03,-108.7940E-03,+12.5364E-03
+6.7200E-03,-108.7940E-03,+13.6168E-03
+6.7300E-03,-108.7940E-03,+12.5364E-03
+6.7400E-03,-108.7940E-03,+14.9485E-03
+6.7500E-03,-108.7940E-03,+17.2852E-03
+6.7600E-03,-108.7940E-03,+12.8128E-03
+6.7700E-03,-141.4573E-03,+13.8178E-03
+6.7800E-03,-108.7940E-03,+11.6068E-03
+6.7900E-03,-181.6583E-03,+12.5364E-03
+6.8000E-03,-108.7940E-03,+12.2601E-03
+6.8100E-03,-156.5327E-03,+12.8631E-03
+6.8200E-03,-121.3568E-03,+11.6068E-03
+6.8300E-03,-108.7940E-03,+13.3405E-03
+6.8400E-03,-108.7940E-03,+12.2852E-03
+6.8500E-03,-108.7940E-03,+14.4711E-03
+6.8600E-03,-121.3568E-03,+13.3405E-03
+6.8700E-03,-189.1960E-03,+14.0691E-03
+6.8800E-03,-108.7940E-03,+14.9485E-03
+6.8900E-03,-108.7940E-03,+14.9485E-03
+6.9000E-03,-176.6332E-03,+18.1646E-03
+6.9100E-03,-181.6583E-03,+19.6972E-03
+6.9200E-03,-56.0301E-03,+15.2249E-03
+6.9300E-03,-61.0553E-03,+14.4711E-03
+6.9400E-03,-108.7940E-03,+15.0741E-03
+6.9500E-03,-181.6583E-03,+14.1445E-03
+6.9600E-03,-136.4322E-03,+12.5364E-03
+6.9700E-03,-189.1960E-03,+12.0590E-03
+6.9800E-03,-108.7940E-03,+13.3405E-03
+6.9900E-03,-181.6583E-03,+14.2198E-03
+7.0000E-03,-108.7940E-03,+13.8681E-03
+7.0100E-03,-141.4573E-03,+14.4711E-03
+7.0200E-03,-108.7940E-03,+14.2701E-03
+7.0300E-03,-108.7940E-03,+15.7525E-03
+7.0400E-03,-108.7940E-03,+12.5364E-03
+7.0500E-03,-156.5327E-03,+13.1897E-03
+7.0600E-03,-108.7940E-03,+15.0741E-03
+7.0700E-03,-116.3317E-03,+16.5565E-03
+7.0800E-03,-108.7940E-03,+16.5565E-03
+7.0900E-03,-108.7940E-03,+14.1445E-03
+7.1000E-03,-121.3568E-03,+12.6621E-03
+7.1100E-03,-108.7940E-03,+12.5364E-03
+7.1200E-03,-136.4322E-03,+12.5364E-03
+7.1300E-03,-108.7940E-03,+12.8631E-03
+7.1400E-03,-108.7940E-03,+13.3405E-03
+7.1500E-03,-108.7940E-03,+15.6018E-03
+7.1600E-03,-108.7940E-03,+11.2048E-03
+7.1700E-03,-108.7940E-03,+11.5817E-03
+7.1800E-03,-108.7940E-03,+14.2701E-03
+7.1900E-03,-116.3317E-03,+14.8731E-03
+7.2000E-03,-161.5578E-03,+13.3405E-03
+7.2100E-03,-61.0553E-03,+13.0138E-03
+7.2200E-03,-108.7940E-03,+14.0188E-03
+7.2300E-03,-108.7940E-03,+14.0691E-03
+7.2400E-03,-136.4322E-03,+13.8932E-03
+7.2500E-03,-156.5327E-03,+14.6219E-03
+7.2600E-03,-108.7940E-03,+14.1445E-03
+7.2700E-03,-108.7940E-03,+11.7324E-03
+7.2800E-03,-189.1960E-03,+13.3656E-03
+7.2900E-03,-108.7940E-03,+13.3405E-03
+7.3000E-03,-189.1960E-03,+15.6269E-03
+7.3100E-03,-189.1960E-03,+16.5565E-03
+7.3200E-03,-161.5578E-03,+15.7525E-03
+7.3300E-03,-156.5327E-03,+17.3606E-03
+7.3400E-03,-176.6332E-03,+17.2349E-03
+7.3500E-03,-181.6583E-03,+15.0239E-03
+7.3600E-03,-161.5578E-03,+15.7525E-03
+7.3700E-03,-108.7940E-03,+14.6219E-03
+7.3800E-03,-108.7940E-03,+16.6822E-03
+7.3900E-03,-116.3317E-03,+13.1897E-03
+7.4000E-03,-189.1960E-03,+11.2048E-03
+7.4100E-03,-156.5327E-03,+14.1445E-03
+7.4200E-03,-176.6332E-03,+14.8229E-03
+7.4300E-03,-189.1960E-03,+11.7324E-03
+7.4400E-03,-161.5578E-03,+13.8681E-03
+7.4500E-03,-108.7940E-03,+13.6671E-03
+7.4600E-03,-108.7940E-03,+15.7525E-03
+7.4700E-03,-116.3317E-03,+14.8731E-03
+7.4800E-03,-161.5578E-03,+14.6721E-03
+7.4900E-03,-141.4573E-03,+12.5364E-03
+7.5000E-03,-108.7940E-03,+14.9485E-03
+7.5100E-03,-181.6583E-03,+16.5565E-03
+7.5200E-03,-161.5578E-03,+16.8329E-03
+7.5300E-03,-108.7940E-03,+17.0339E-03
+7.5400E-03,-121.3568E-03,+14.2701E-03
+7.5500E-03,-181.6583E-03,+14.0691E-03
+7.5600E-03,-189.1960E-03,+14.6721E-03
+7.5700E-03,-108.7940E-03,+16.5565E-03
+7.5800E-03,-108.7940E-03,+19.8982E-03
+7.5900E-03,-116.3317E-03,+16.5565E-03
+7.6000E-03,-108.7940E-03,+14.4209E-03
+7.6100E-03,-156.5327E-03,+18.1646E-03
+7.6200E-03,-108.7940E-03,+16.5565E-03
+7.6300E-03,-108.7940E-03,+15.7525E-03
+7.6400E-03,-108.7940E-03,+12.8128E-03
+7.6500E-03,-141.4573E-03,+14.6219E-03
+7.6600E-03,-108.7940E-03,+14.2701E-03
+7.6700E-03,-108.7940E-03,+13.3405E-03
+7.6800E-03,-108.7940E-03,+17.0842E-03
+7.6900E-03,-108.7940E-03,+16.2299E-03
+7.7000E-03,-121.3568E-03,+15.7525E-03
+7.7100E-03,-108.7940E-03,+12.5364E-03
+7.7200E-03,-108.7940E-03,+14.4209E-03
+7.7300E-03,-108.7940E-03,+14.6219E-03
+7.7400E-03,-121.3568E-03,+14.1445E-03
+7.7500E-03,-116.3317E-03,+13.4158E-03
+7.7600E-03,-108.7940E-03,+12.5364E-03
+7.7700E-03,-141.4573E-03,+14.4711E-03
+7.7800E-03,-108.7940E-03,+15.0741E-03
+7.7900E-03,-108.7940E-03,+14.2198E-03
+7.8000E-03,-108.7940E-03,+15.5013E-03
+7.8100E-03,-141.4573E-03,+15.2751E-03
+7.8200E-03,-121.3568E-03,+15.7525E-03
+7.8300E-03,-108.7940E-03,+18.1646E-03
+7.8400E-03,-108.7940E-03,+15.4761E-03
+7.8500E-03,-141.4573E-03,+12.0590E-03
+7.8600E-03,-108.7940E-03,+11.8580E-03
+7.8700E-03,-108.7940E-03,+11.8832E-03
+7.8800E-03,-161.5578E-03,+13.6168E-03
+7.8900E-03,-108.7940E-03,+13.3405E-03
+7.9000E-03,-108.7940E-03,+15.7525E-03
+7.9100E-03,-116.3317E-03,+15.7525E-03
+7.9200E-03,-136.4322E-03,+16.0289E-03
+7.9300E-03,-108.7940E-03,+17.3606E-03
+7.9400E-03,-108.7940E-03,+16.5565E-03
+7.9500E-03,-108.7940E-03,+16.5565E-03
+7.9600E-03,-108.7940E-03,+16.5565E-03
+7.9700E-03,-141.4573E-03,+14.1445E-03
+7.9800E-03,-108.7940E-03,+15.5013E-03
+7.9900E-03,-181.6583E-03,+15.6771E-03
+8.0000E-03,-161.5578E-03,+13.3405E-03
+8.0100E-03,-108.7940E-03,+16.2299E-03
+8.0200E-03,-189.1960E-03,+15.6269E-03
+8.0300E-03,-108.7940E-03,+15.0239E-03
+8.0400E-03,-161.5578E-03,+18.4410E-03
+8.0500E-03,-156.5327E-03,+14.9485E-03
+8.0600E-03,-121.3568E-03,+12.5364E-03
+8.0700E-03,-108.7940E-03,+12.4611E-03
+8.0800E-03,-161.5578E-03,+12.8128E-03
+8.0900E-03,-141.4573E-03,+13.6671E-03
+8.1000E-03,-121.3568E-03,+14.1445E-03
+8.1100E-03,-108.7940E-03,+10.1244E-03
+8.1200E-03,-108.7940E-03,+10.1244E-03
+8.1300E-03,-108.7940E-03,+10.9284E-03
+8.1400E-03,-121.3568E-03,+11.7324E-03
+8.1500E-03,-101.2563E-03,+13.9937E-03
+8.1600E-03,-189.1960E-03,+12.8128E-03
+8.1700E-03,-108.7940E-03,+12.8631E-03
+8.1800E-03,-176.6332E-03,+11.7324E-03
+8.1900E-03,-181.6583E-03,+13.3405E-03
+8.2000E-03,-136.4322E-03,+12.0088E-03
+8.2100E-03,-236.9347E-03,+14.6219E-03
+8.2200E-03,-108.7940E-03,+15.8781E-03
+8.2300E-03,-116.3317E-03,+11.7324E-03
+8.2400E-03,-136.4322E-03,+14.1445E-03
+8.2500E-03,-156.5327E-03,+14.9485E-03
+8.2600E-03,-189.1960E-03,+14.8229E-03
+8.2700E-03,-189.1960E-03,+12.5364E-03
+8.2800E-03,-161.5578E-03,+13.6168E-03
+8.2900E-03,-108.7940E-03,+12.8631E-03
+8.3000E-03,-108.7940E-03,+13.3405E-03
+8.3100E-03,-108.7940E-03,+12.6118E-03
+8.3200E-03,-108.7940E-03,+15.2249E-03
+8.3300E-03,-108.7940E-03,+18.1646E-03
+8.3400E-03,-108.7940E-03,+16.5565E-03
+8.3500E-03,-108.7940E-03,+14.2198E-03
+8.3600E-03,-108.7940E-03,+17.8882E-03
+8.3700E-03,-108.7940E-03,+18.1646E-03
+8.3800E-03,-96.2312E-03,+15.8781E-03
+8.3900E-03,-108.7940E-03,+13.3405E-03
+8.4000E-03,-108.7940E-03,+13.3405E-03
+8.4100E-03,-141.4573E-03,+13.3405E-03
+8.4200E-03,-121.3568E-03,+14.1445E-03
+8.4300E-03,-108.7940E-03,+14.2198E-03
+8.4400E-03,-108.7940E-03,+15.7525E-03
+8.4500E-03,-108.7940E-03,+18.8178E-03
+8.4600E-03,-108.7940E-03,+17.4862E-03
+8.4700E-03,-108.7940E-03,+14.1445E-03
+8.4800E-03,-108.7940E-03,+14.9485E-03
+8.4900E-03,-108.7940E-03,+14.4711E-03
+8.5000E-03,-121.3568E-03,+12.5364E-03
+8.5100E-03,-35.9296E-03,+13.3405E-03
+8.5200E-03,-108.7940E-03,+14.1445E-03
+8.5300E-03,-156.5327E-03,+16.5565E-03
+8.5400E-03,-176.6332E-03,+13.3405E-03
+8.5500E-03,-108.7940E-03,+14.8731E-03
+8.5600E-03,-108.7940E-03,+16.5565E-03
+8.5700E-03,-108.7940E-03,+21.3807E-03
+8.5800E-03,-121.3568E-03,+16.5565E-03
+8.5900E-03,-181.6583E-03,+17.3606E-03
+8.6000E-03,-108.7940E-03,+15.2249E-03
+8.6100E-03,-189.1960E-03,+17.3606E-03
+8.6200E-03,-53.5176E-03,+15.6269E-03
+8.6300E-03,-108.7940E-03,+14.8731E-03
+8.6400E-03,-108.7940E-03,+13.8681E-03
+8.6500E-03,-156.5327E-03,+14.6219E-03
+8.6600E-03,-108.7940E-03,+17.2349E-03
+8.6700E-03,-35.9296E-03,+17.3606E-03
+8.6800E-03,-108.7940E-03,+16.0289E-03
+8.6900E-03,-156.5327E-03,+18.1646E-03
+8.7000E-03,-108.7940E-03,+14.9485E-03
+8.7100E-03,-174.1206E-03,+14.9485E-03
+8.7200E-03,-108.7940E-03,+13.0892E-03
+8.7300E-03,-141.4573E-03,+15.4259E-03
+8.7400E-03,-108.7940E-03,+18.1646E-03
+8.7500E-03,-43.4673E-03,+18.0892E-03
+8.7600E-03,-108.7940E-03,+13.0641E-03
+8.7700E-03,-108.7940E-03,+14.9485E-03
+8.7800E-03,-121.3568E-03,+14.1445E-03
+8.7900E-03,-181.6583E-03,+14.8731E-03
+8.8000E-03,-136.4322E-03,+15.7525E-03
+8.8100E-03,-108.7940E-03,+18.1646E-03
+8.8200E-03,-108.7940E-03,+15.8781E-03
+8.8300E-03,-181.6583E-03,+17.2852E-03
+8.8400E-03,-108.7940E-03,+16.2802E-03
+8.8500E-03,-108.7940E-03,+12.2098E-03
+8.8600E-03,-121.3568E-03,+15.5013E-03
+8.8700E-03,-116.3317E-03,+18.1646E-03
+8.8800E-03,-108.7940E-03,+17.6369E-03
+8.8900E-03,-189.1960E-03,+17.2098E-03
+8.9000E-03,-108.7940E-03,+16.6822E-03
+8.9100E-03,-181.6583E-03,+16.5565E-03
+8.9200E-03,-136.4322E-03,+17.0842E-03
+8.9300E-03,-156.5327E-03,+17.2098E-03
+8.9400E-03,-108.7940E-03,+15.8781E-03
+8.9500E-03,-189.1960E-03,+16.6319E-03
+8.9600E-03,-108.7940E-03,+15.4761E-03
+8.9700E-03,-108.7940E-03,+16.4058E-03
+8.9800E-03,-121.3568E-03,+18.1646E-03
+8.9900E-03,-181.6583E-03,+15.6771E-03
+9.0000E-03,-108.7940E-03,+16.5565E-03
+9.0100E-03,-156.5327E-03,+16.0791E-03
+9.0200E-03,-108.7940E-03,+14.1445E-03
+9.0300E-03,-181.6583E-03,+14.1445E-03
+9.0400E-03,-161.5578E-03,+13.3405E-03
+9.0500E-03,-189.1960E-03,+16.0791E-03
+9.0600E-03,-40.9548E-03,+17.4862E-03
+9.0700E-03,-116.3317E-03,+14.8731E-03
+9.0800E-03,-108.7940E-03,+14.4209E-03
+9.0900E-03,-108.7940E-03,+14.1445E-03
+9.1000E-03,-164.0703E-03,+13.3405E-03
+9.1100E-03,-108.7940E-03,+11.8078E-03
+9.1200E-03,-108.7940E-03,+11.7324E-03
+9.1300E-03,-156.5327E-03,+12.0590E-03
+9.1400E-03,-108.7940E-03,+12.5364E-03
+9.1500E-03,-108.7940E-03,+15.7525E-03
+9.1600E-03,-189.1960E-03,+13.0641E-03
+9.1700E-03,-108.7940E-03,+15.2751E-03
+9.1800E-03,-108.7940E-03,+15.7525E-03
+9.1900E-03,-116.3317E-03,+14.9485E-03
+9.2000E-03,-108.7940E-03,+15.2249E-03
+9.2100E-03,-156.5327E-03,+14.1445E-03
+9.2200E-03,-108.7940E-03,+15.7525E-03
+9.2300E-03,-101.2563E-03,+15.7525E-03
+9.2400E-03,-108.7940E-03,+16.2802E-03
+9.2500E-03,-108.7940E-03,+15.7525E-03
+9.2600E-03,-108.7940E-03,+15.7525E-03
+9.2700E-03,-108.7940E-03,+19.8480E-03
+9.2800E-03,-161.5578E-03,+19.2450E-03
+9.2900E-03,-108.7940E-03,+14.9485E-03
+9.3000E-03,-108.7940E-03,+14.8229E-03
+9.3100E-03,-108.7940E-03,+15.8279E-03
+9.3200E-03,-136.4322E-03,+14.9485E-03
+9.3300E-03,-108.7940E-03,+15.7525E-03
+9.3400E-03,-176.6332E-03,+17.3606E-03
+9.3500E-03,-108.7940E-03,+15.8279E-03
+9.3600E-03,-108.7940E-03,+19.4962E-03
+9.3700E-03,-108.7940E-03,+18.4912E-03
+9.3800E-03,-108.7940E-03,+15.7525E-03
+9.3900E-03,-108.7940E-03,+16.5565E-03
+9.4000E-03,-136.4322E-03,+15.4761E-03
+9.4100E-03,-108.7940E-03,+16.0791E-03
+9.4200E-03,-176.6332E-03,+15.8781E-03
+9.4300E-03,-108.7940E-03,+18.0892E-03
+9.4400E-03,-161.5578E-03,+16.2802E-03
+9.4500E-03,-141.4573E-03,+17.8379E-03
+9.4600E-03,-108.7940E-03,+20.7023E-03
+9.4700E-03,-108.7940E-03,+17.4359E-03
+9.4800E-03,-161.5578E-03,+18.1646E-03
+9.4900E-03,-108.7940E-03,+21.5314E-03
+9.5000E-03,-121.3568E-03,+18.1646E-03
+9.5100E-03,-116.3317E-03,+16.5565E-03
+9.5200E-03,-161.5578E-03,+15.7525E-03
+9.5300E-03,-108.7940E-03,+14.4711E-03
+9.5400E-03,-108.7940E-03,+14.2701E-03
+9.5500E-03,-108.7940E-03,+15.7525E-03
+9.5600E-03,-108.7940E-03,+15.2249E-03
+9.5700E-03,-189.1960E-03,+16.0791E-03
+9.5800E-03,-108.7940E-03,+18.1646E-03
+9.5900E-03,-108.7940E-03,+18.9686E-03
+9.6000E-03,-189.1960E-03,+17.3606E-03
+9.6100E-03,-108.7940E-03,+16.8832E-03
+9.6200E-03,-108.7940E-03,+16.3053E-03
+9.6300E-03,-108.7940E-03,+18.0892E-03
+9.6400E-03,-161.5578E-03,+19.2450E-03
+9.6500E-03,-141.4573E-03,+18.1646E-03
+9.6600E-03,-108.7940E-03,+16.5565E-03
+9.6700E-03,-108.7940E-03,+17.3606E-03
+9.6800E-03,-108.7940E-03,+18.1646E-03
+9.6900E-03,-156.5327E-03,+15.2751E-03
+9.7000E-03,-176.6332E-03,+16.5565E-03
+9.7100E-03,-116.3317E-03,+16.5565E-03
+9.7200E-03,-136.4322E-03,+18.1646E-03
+9.7300E-03,-108.7940E-03,+16.2299E-03
+9.7400E-03,-189.1960E-03,+14.2701E-03
+9.7500E-03,-116.3317E-03,+18.9686E-03
+9.7600E-03,-161.5578E-03,+16.5565E-03
+9.7700E-03,-189.1960E-03,+20.0992E-03
+9.7800E-03,-121.3568E-03,+16.5565E-03
+9.7900E-03,-108.7940E-03,+13.3405E-03
+9.8000E-03,-164.0703E-03,+14.1445E-03
+9.8100E-03,-108.7940E-03,+12.3857E-03
+9.8200E-03,-108.7940E-03,+14.0188E-03
+9.8300E-03,-116.3317E-03,+15.8279E-03
+9.8400E-03,-108.7940E-03,+17.1093E-03
+9.8500E-03,-156.5327E-03,+18.4912E-03
+9.8600E-03,-108.7940E-03,+17.2349E-03
+9.8700E-03,-108.7940E-03,+15.6771E-03
+9.8800E-03,-161.5578E-03,+13.0641E-03
+9.8900E-03,-108.7940E-03,+18.4912E-03
+9.9000E-03,-189.1960E-03,+16.0038E-03
+9.9100E-03,-108.7940E-03,+17.2852E-03
+9.9200E-03,-136.4322E-03,+15.4761E-03
+9.9300E-03,-108.7940E-03,+16.8832E-03
+9.9400E-03,-108.7940E-03,+14.1445E-03
+9.9500E-03,-189.1960E-03,+13.4158E-03
+9.9600E-03,-108.7940E-03,+15.7525E-03
+9.9700E-03,-108.7940E-03,+15.5766E-03
+9.9800E-03,-108.7940E-03,+15.8781E-03
+9.9900E-03,-108.7940E-03,+17.2852E-03
+10.0000E-03,-108.7940E-03,+16.8329E-03
+10.0100E-03,-108.7940E-03,+18.1646E-03
+10.0200E-03,-108.7940E-03,+17.3606E-03
+10.0300E-03,-116.3317E-03,+17.2852E-03
